id	population	species	state	country	sex	longitude	latitude
angeles-22-001	angeles	Distichlis_palmeri	BCA	MX	female	-113.552635	28.9550433
angeles-22-002	angeles	Distichlis_palmeri	BCA	MX	male	-113.552635	28.9550433
angeles-22-003	angeles	Distichlis_palmeri	BCA	MX	male	-113.552635	28.9550433
angeles-22-004	angeles	Distichlis_palmeri	BCA	MX	female	-113.552635	28.9550433
angeles-22-005	angeles	Distichlis_palmeri	BCA	MX	female	-113.552635	28.9550433
angeles-22-006	angeles	Distichlis_palmeri	BCA	MX	female	-113.552635	28.9550433
angeles-22-007	angeles	Distichlis_palmeri	BCA	MX	female	-113.552635	28.9550433
angeles-22-008	angeles	Distichlis_palmeri	BCA	MX	female	-113.552635	28.9550433
angeles-22-009	angeles	Distichlis_palmeri	BCA	MX	male	-113.552635	28.9550433
angeles-22-010	angeles	Distichlis_palmeri	BCA	MX	male	-113.552635	28.9550433
angeles-22-011	angeles	Distichlis_palmeri	BCA	MX	female	-113.552635	28.9550433
angeles-22-012	angeles	Distichlis_palmeri	BCA	MX	male	-113.552635	28.9550433
angeles-22-013	angeles	Distichlis_palmeri	BCA	MX	male	-113.552635	28.9550433
angeles-22-014	angeles	Distichlis_palmeri	BCA	MX	female	-113.552635	28.9550433
angeles-22-015	angeles	Distichlis_palmeri	BCA	MX	female	-113.552635	28.9550433
angeles-22-016	angeles	Distichlis_palmeri	BCA	MX	male	-113.552635	28.9550433
angeles-22-017	angeles	Distichlis_palmeri	BCA	MX	male	-113.552635	28.9550433
angeles-22-018	angeles	Distichlis_palmeri	BCA	MX	female	-113.552635	28.9550433
angeles-22-019	angeles	Distichlis_palmeri	BCA	MX	female	-113.552635	28.9550433
angeles-22-020	angeles	Distichlis_palmeri	BCA	MX	male	-113.552635	28.9550433
angeles-22-021	angeles	Distichlis_palmeri	BCA	MX	male	-113.552635	28.9550433
angeles-22-022	angeles	Distichlis_palmeri	BCA	MX	male	-113.552635	28.9550433
angeles-22-023	angeles	Distichlis_palmeri	BCA	MX	male	-113.552635	28.9550433
angeles-22-024	angeles	Distichlis_palmeri	BCA	MX	female	-113.552635	28.9550433
angeles-22-025	angeles	Distichlis_palmeri	BCA	MX	female	-113.552635	28.9550433
angeles-22-026	angeles	Distichlis_palmeri	BCA	MX	female	-113.552635	28.9550433
angeles-22-027	angeles	Distichlis_palmeri	BCA	MX	male	-113.552635	28.9550433
angeles-22-028	angeles	Distichlis_palmeri	BCA	MX	male	-113.552635	28.9550433
angeles-22-029	angeles	Distichlis_palmeri	BCA	MX	male	-113.552635	28.9550433
angeles-22-030	angeles	Distichlis_palmeri	BCA	MX	female	-113.552635	28.9550433
angeles-22-031	angeles	Distichlis_palmeri	BCA	MX	female	-113.552635	28.9550433
angeles-22-032	angeles	Distichlis_palmeri	BCA	MX	female	-113.552635	28.9550433
angeles-22-033	angeles	Distichlis_palmeri	BCA	MX	male	-113.552635	28.9550433
angeles-22-034	angeles	Distichlis_palmeri	BCA	MX	male	-113.552635	28.9550433
angeles-22-035	angeles	Distichlis_palmeri	BCA	MX	male	-113.552635	28.9550433
angeles-22-036	angeles	Distichlis_palmeri	BCA	MX	male	-113.552635	28.9550433
angeles-22-037	angeles	Distichlis_palmeri	BCA	MX	female	-113.552635	28.9550433
angeles-22-038	angeles	Distichlis_palmeri	BCA	MX	female	-113.552635	28.9550433
angeles-22-039	angeles	Distichlis_palmeri	BCA	MX	female	-113.552635	28.9550433
angeles-22-040	angeles	Distichlis_palmeri	BCA	MX	male	-113.552635	28.9550433
arenas-22-001	arenas	Distichlis_palmeri	SON	MX	female	-112.19067	29.15543
arenas-22-002	arenas	Distichlis_palmeri	SON	MX	female	-112.19067	29.15543
arenas-22-003	arenas	Distichlis_palmeri	SON	MX	female	-112.19067	29.15543
arenas-22-004	arenas	Distichlis_palmeri	SON	MX	female	-112.19067	29.15543
arenas-22-005	arenas	Distichlis_palmeri	SON	MX	female	-112.19067	29.15543
arenas-22-006	arenas	Distichlis_palmeri	SON	MX	female	-112.19067	29.15543
arenas-22-007	arenas	Distichlis_palmeri	SON	MX	female	-112.19067	29.15543
arenas-22-008	arenas	Distichlis_palmeri	SON	MX	female	-112.19067	29.15543
arenas-22-009	arenas	Distichlis_palmeri	SON	MX	female	-112.19067	29.15543
arenas-22-010	arenas	Distichlis_palmeri	SON	MX	female	-112.19067	29.15543
arenas-22-011	arenas	Distichlis_palmeri	SON	MX	female	-112.19067	29.15543
arenas-22-012	arenas	Distichlis_palmeri	SON	MX	female	-112.19067	29.15543
arenas-22-013	arenas	Distichlis_palmeri	SON	MX	female	-112.19067	29.15543
arenas-22-014	arenas	Distichlis_palmeri	SON	MX	female	-112.19067	29.15543
arenas-22-015	arenas	Distichlis_palmeri	SON	MX	female	-112.19067	29.15543
arenas-22-016	arenas	Distichlis_palmeri	SON	MX	female	-112.19067	29.15543
arenas-22-017	arenas	Distichlis_palmeri	SON	MX	female	-112.19067	29.15543
arenas-22-018	arenas	Distichlis_palmeri	SON	MX	female	-112.19067	29.15543
arenas-22-019	arenas	Distichlis_palmeri	SON	MX	male	-112.19067	29.15543
arenas-22-020	arenas	Distichlis_palmeri	SON	MX	male	-112.19067	29.15543
arenas-22-021	arenas	Distichlis_palmeri	SON	MX	male	-112.19067	29.15543
arenas-22-022	arenas	Distichlis_palmeri	SON	MX	male	-112.19067	29.15543
arenas-22-023	arenas	Distichlis_palmeri	SON	MX	male	-112.19067	29.15543
arenas-22-024	arenas	Distichlis_palmeri	SON	MX	male	-112.19067	29.15543
arenas-22-025	arenas	Distichlis_palmeri	SON	MX	male	-112.19067	29.15543
arenas-22-026	arenas	Distichlis_palmeri	SON	MX	male	-112.19067	29.15543
arenas-22-027	arenas	Distichlis_palmeri	SON	MX	male	-112.19067	29.15543
arenas-22-028	arenas	Distichlis_palmeri	SON	MX	male	-112.19067	29.15543
arenas-22-029	arenas	Distichlis_palmeri	SON	MX	male	-112.19067	29.15543
arenas-22-030	arenas	Distichlis_palmeri	SON	MX	male	-112.19067	29.15543
arenas-22-031	arenas	Distichlis_palmeri	SON	MX	male	-112.19067	29.15543
arenas-22-032	arenas	Distichlis_palmeri	SON	MX	male	-112.19067	29.15543
arenas-22-033	arenas	Distichlis_palmeri	SON	MX	male	-112.19067	29.15543
arenas-22-034	arenas	Distichlis_palmeri	SON	MX	male	-112.19067	29.15543
arenas-22-035	arenas	Distichlis_palmeri	SON	MX	male	-112.19067	29.15543
arenas-22-036	arenas	Distichlis_palmeri	SON	MX	male	-112.19067	29.15543
arenas-22-037	arenas	Distichlis_palmeri	SON	MX	male	-112.19067	29.15543
arenas-22-038	arenas	Distichlis_palmeri	SON	MX	male	-112.19067	29.15543
barco-22-001	barco	Distichlis_palmeri	SON	MX	male	-113.4462558	31.2928776
barco-22-002	barco	Distichlis_palmeri	SON	MX	male	-113.4462558	31.2928776
barco-22-003	barco	Distichlis_palmeri	SON	MX	male	-113.4462558	31.2928776
barco-22-004	barco	Distichlis_palmeri	SON	MX	unknown	-113.4462558	31.2928776
barco-22-005	barco	Distichlis_palmeri	SON	MX	male	-113.4462558	31.2928776
barco-22-006	barco	Distichlis_palmeri	SON	MX	male	-113.4462558	31.2928776
barco-22-007	barco	Distichlis_palmeri	SON	MX	male	-113.4462558	31.2928776
barco-22-008	barco	Distichlis_palmeri	SON	MX	male	-113.4462558	31.2928776
barco-22-009	barco	Distichlis_palmeri	SON	MX	unknown	-113.4462558	31.2928776
barco-22-010	barco	Distichlis_palmeri	SON	MX	male	-113.4462558	31.2928776
barco-22-011	barco	Distichlis_palmeri	SON	MX	male	-113.4462558	31.2928776
barco-22-012	barco	Distichlis_palmeri	SON	MX	unknown	-113.4462558	31.2928776
barco-22-013	barco	Distichlis_palmeri	SON	MX	male	-113.4462558	31.2928776
barco-22-014	barco	Distichlis_palmeri	SON	MX	male	-113.4462558	31.2928776
barco-22-015	barco	Distichlis_palmeri	SON	MX	male	-113.4462558	31.2928776
barco-22-016	barco	Distichlis_palmeri	SON	MX	unknown	-113.4462558	31.2928776
barco-22-017	barco	Distichlis_palmeri	SON	MX	male	-113.4462558	31.2928776
barco-22-018	barco	Distichlis_palmeri	SON	MX	male	-113.4462558	31.2928776
barco-22-019	barco	Distichlis_palmeri	SON	MX	unknown	-113.4462558	31.2928776
barco-22-020	barco	Distichlis_palmeri	SON	MX	male	-113.4462558	31.2928776
barco-22-021	barco	Distichlis_palmeri	SON	MX	male	-113.4462558	31.2928776
barco-22-022	barco	Distichlis_palmeri	SON	MX	male	-113.4462558	31.2928776
barco-22-023	barco	Distichlis_palmeri	SON	MX	male	-113.4462558	31.2928776
barco-22-024	barco	Distichlis_palmeri	SON	MX	male	-113.4462558	31.2928776
barco-22-025	barco	Distichlis_palmeri	SON	MX	unknown	-113.4462558	31.2928776
barco-22-026	barco	Distichlis_palmeri	SON	MX	male	-113.4462558	31.2928776
barco-22-027	barco	Distichlis_palmeri	SON	MX	male	-113.4462558	31.2928776
barco-22-028	barco	Distichlis_palmeri	SON	MX	male	-113.4462558	31.2928776
barco-22-029	barco	Distichlis_palmeri	SON	MX	unknown	-113.4462558	31.2928776
barco-22-030	barco	Distichlis_palmeri	SON	MX	male	-113.4462558	31.2928776
barco-22-031	barco	Distichlis_palmeri	SON	MX	male	-113.4462558	31.2928776
barco-22-032	barco	Distichlis_palmeri	SON	MX	male	-113.4462558	31.2928776
barco-22-033	barco	Distichlis_palmeri	SON	MX	female	-113.4462558	31.2928776
barco-22-034	barco	Distichlis_palmeri	SON	MX	female	-113.4462558	31.2928776
barco-22-035	barco	Distichlis_palmeri	SON	MX	female	-113.4462558	31.2928776
barco-22-036	barco	Distichlis_palmeri	SON	MX	female	-113.4462558	31.2928776
barco-22-037	barco	Distichlis_palmeri	SON	MX	female	-113.4462558	31.2928776
barco-22-038	barco	Distichlis_palmeri	SON	MX	unknown	-113.4462558	31.2928776
barco-22-039	barco	Distichlis_palmeri	SON	MX	female	-113.4462558	31.2928776
barco-22-040	barco	Distichlis_palmeri	SON	MX	female	-113.4462558	31.2928776
barco-22-041	barco	Distichlis_palmeri	SON	MX	female	-113.4462558	31.2928776
barco-22-042	barco	Distichlis_palmeri	SON	MX	female	-113.4462558	31.2928776
barco-22-043	barco	Distichlis_palmeri	SON	MX	female	-113.4462558	31.2928776
barco-22-044	barco	Distichlis_palmeri	SON	MX	female	-113.4462558	31.2928776
barco-22-045	barco	Distichlis_palmeri	SON	MX	female	-113.4462558	31.2928776
barco-22-046	barco	Distichlis_palmeri	SON	MX	female	-113.4462558	31.2928776
barco-22-047	barco	Distichlis_palmeri	SON	MX	female	-113.4462558	31.2928776
barco-22-048	barco	Distichlis_palmeri	SON	MX	unknown	-113.4462558	31.2928776
barco-22-049	barco	Distichlis_palmeri	SON	MX	female	-113.4462558	31.2928776
barco-22-050	barco	Distichlis_palmeri	SON	MX	female	-113.4462558	31.2928776
barco-22-051	barco	Distichlis_palmeri	SON	MX	female	-113.4462558	31.2928776
barco-22-052	barco	Distichlis_palmeri	SON	MX	female	-113.4462558	31.2928776
barco-22-053	barco	Distichlis_palmeri	SON	MX	unknown	-113.4462558	31.2928776
barco-22-054	barco	Distichlis_palmeri	SON	MX	female	-113.4462558	31.2928776
barco-22-055	barco	Distichlis_palmeri	SON	MX	female	-113.4462558	31.2928776
barco-22-056	barco	Distichlis_palmeri	SON	MX	female	-113.4462558	31.2928776
barco-22-057	barco	Distichlis_palmeri	SON	MX	female	-113.4462558	31.2928776
barco-22-058	barco	Distichlis_palmeri	SON	MX	female	-113.4462558	31.2928776
barco-22-059	barco	Distichlis_palmeri	SON	MX	female	-113.4462558	31.2928776
barco-22-060	barco	Distichlis_palmeri	SON	MX	female	-113.4462558	31.2928776
barco-22-061	barco	Distichlis_palmeri	SON	MX	female	-113.4462558	31.2928776
barco-22-101	barco	Distichlis_palmeri	SON	MX	unknown	-113.4462558	31.2928776
barco-22-102	barco	Distichlis_palmeri	SON	MX	unknown	-113.4462558	31.2928776
barco-22-103	barco	Distichlis_palmeri	SON	MX	unknown	-113.4462558	31.2928776
barco-22-104	barco	Distichlis_palmeri	SON	MX	unknown	-113.4462558	31.2928776
barco-22-105	barco	Distichlis_palmeri	SON	MX	unknown	-113.4462558	31.2928776
barco-22-106	barco	Distichlis_palmeri	SON	MX	unknown	-113.4462558	31.2928776
barco-22-107	barco	Distichlis_palmeri	SON	MX	male	-113.4462558	31.2928776
barco-22-108	barco	Distichlis_palmeri	SON	MX	unknown	-113.4462558	31.2928776
barco-22-109	barco	Distichlis_palmeri	SON	MX	unknown	-113.4462558	31.2928776
barco-22-110	barco	Distichlis_palmeri	SON	MX	unknown	-113.4462558	31.2928776
choya-22-001	choya	Distichlis_palmeri	SON	MX	male	-113.6102033	31.3389783
choya-22-002	choya	Distichlis_palmeri	SON	MX	male	-113.6102033	31.3389783
choya-22-003	choya	Distichlis_palmeri	SON	MX	unknown	-113.6102033	31.3389783
choya-22-004	choya	Distichlis_palmeri	SON	MX	male	-113.6102033	31.3389783
choya-22-005	choya	Distichlis_palmeri	SON	MX	unknown	-113.6102033	31.3389783
choya-22-006	choya	Distichlis_palmeri	SON	MX	male	-113.6102033	31.3389783
choya-22-007	choya	Distichlis_palmeri	SON	MX	male	-113.6102033	31.3389783
choya-22-008	choya	Distichlis_palmeri	SON	MX	female	-113.6102033	31.3389783
choya-22-009	choya	Distichlis_palmeri	SON	MX	female	-113.6102033	31.3389783
choya-22-010	choya	Distichlis_palmeri	SON	MX	unknown	-113.6102033	31.3389783
choya-22-011	choya	Distichlis_palmeri	SON	MX	female	-113.6102033	31.3389783
choya-22-012	choya	Distichlis_palmeri	SON	MX	unknown	-113.6102033	31.3389783
choya-22-013	choya	Distichlis_palmeri	SON	MX	female	-113.6102033	31.3389783
choya-22-014	choya	Distichlis_palmeri	SON	MX	female	-113.6102033	31.3389783
choya-22-015	choya	Distichlis_palmeri	SON	MX	female	-113.6102033	31.3389783
choya-22-016	choya	Distichlis_palmeri	SON	MX	male	-113.6102033	31.3389783
choya-22-017	choya	Distichlis_palmeri	SON	MX	male	-113.6102033	31.3389783
choya-22-018	choya	Distichlis_palmeri	SON	MX	male	-113.6102033	31.3389783
choya-22-019	choya	Distichlis_palmeri	SON	MX	female	-113.6102033	31.3389783
choya-22-020	choya	Distichlis_palmeri	SON	MX	female	-113.6102033	31.3389783
choya-22-021	choya	Distichlis_palmeri	SON	MX	female	-113.6102033	31.3389783
choya-22-022	choya	Distichlis_palmeri	SON	MX	unknown	-113.6102033	31.3389783
choya-22-023	choya	Distichlis_palmeri	SON	MX	female	-113.6102033	31.3389783
choya-22-024	choya	Distichlis_palmeri	SON	MX	female	-113.6102033	31.3389783
choya-22-025	choya	Distichlis_palmeri	SON	MX	female	-113.6102033	31.3389783
choya-22-026	choya	Distichlis_palmeri	SON	MX	unknown	-113.6102033	31.3389783
choya-22-027	choya	Distichlis_palmeri	SON	MX	female	-113.6102033	31.3389783
choya-22-028	choya	Distichlis_palmeri	SON	MX	female	-113.6102033	31.3389783
choya-22-029	choya	Distichlis_palmeri	SON	MX	female	-113.6102033	31.3389783
choya-22-030	choya	Distichlis_palmeri	SON	MX	female	-113.6102033	31.3389783
choya-22-031	choya	Distichlis_palmeri	SON	MX	female	-113.6102033	31.3389783
choya-22-032	choya	Distichlis_palmeri	SON	MX	female	-113.6102033	31.3389783
choya-22-033	choya	Distichlis_palmeri	SON	MX	unknown	-113.6102033	31.3389783
choya-22-034	choya	Distichlis_palmeri	SON	MX	female	-113.6102033	31.3389783
choya-22-035	choya	Distichlis_palmeri	SON	MX	unknown	-113.6102033	31.3389783
choya-22-036	choya	Distichlis_palmeri	SON	MX	female	-113.6102033	31.3389783
choya-22-037	choya	Distichlis_palmeri	SON	MX	female	-113.6102033	31.3389783
choya-22-038	choya	Distichlis_palmeri	SON	MX	female	-113.6102033	31.3389783
choya-22-039	choya	Distichlis_palmeri	SON	MX	female	-113.6102033	31.3389783
choya-22-040	choya	Distichlis_palmeri	SON	MX	female	-113.6102033	31.3389783
choya-22-041	choya	Distichlis_palmeri	SON	MX	female	-113.6102033	31.3389783
choya-22-042	choya	Distichlis_palmeri	SON	MX	unknown	-113.6102033	31.3389783
choya-22-043	choya	Distichlis_palmeri	SON	MX	unknown	-113.6102033	31.3389783
choya-22-044	choya	Distichlis_palmeri	SON	MX	male	-113.6102033	31.3389783
choya-22-045	choya	Distichlis_palmeri	SON	MX	male	-113.6102033	31.3389783
choya-22-046	choya	Distichlis_palmeri	SON	MX	male	-113.6102033	31.3389783
choya-22-047	choya	Distichlis_palmeri	SON	MX	male	-113.6102033	31.3389783
choya-22-048	choya	Distichlis_palmeri	SON	MX	male	-113.6102033	31.3389783
choya-22-049	choya	Distichlis_palmeri	SON	MX	male	-113.6102033	31.3389783
choya-22-050	choya	Distichlis_palmeri	SON	MX	male	-113.6102033	31.3389783
choya-22-051	choya	Distichlis_palmeri	SON	MX	male	-113.6102033	31.3389783
choya-22-052	choya	Distichlis_palmeri	SON	MX	male	-113.6102033	31.3389783
choya-22-053	choya	Distichlis_palmeri	SON	MX	male	-113.6102033	31.3389783
choya-22-054	choya	Distichlis_palmeri	SON	MX	male	-113.6102033	31.3389783
choya-22-055	choya	Distichlis_palmeri	SON	MX	male	-113.6102033	31.3389783
choya-22-056	choya	Distichlis_palmeri	SON	MX	male	-113.6102033	31.3389783
choya-22-057	choya	Distichlis_palmeri	SON	MX	male	-113.6102033	31.3389783
choya-22-058	choya	Distichlis_palmeri	SON	MX	male	-113.6102033	31.3389783
choya-22-059	choya	Distichlis_palmeri	SON	MX	male	-113.6102033	31.3389783
choya-22-060	choya	Distichlis_palmeri	SON	MX	female	-113.6102033	31.3389783
choya-22-061	choya	Distichlis_palmeri	SON	MX	male	-113.6102033	31.3389783
choya-22-101	choya	Distichlis_palmeri	SON	MX	unknown	-113.6102033	31.3389783
choya-22-102	choya	Distichlis_palmeri	SON	MX	unknown	-113.6102033	31.3389783
choya-22-103	choya	Distichlis_palmeri	SON	MX	unknown	-113.6102033	31.3389783
choya-22-104	choya	Distichlis_palmeri	SON	MX	unknown	-113.6102033	31.3389783
choya-22-105	choya	Distichlis_palmeri	SON	MX	unknown	-113.6102033	31.3389783
choya-22-106	choya	Distichlis_palmeri	SON	MX	unknown	-113.6102033	31.3389783
choya-22-107	choya	Distichlis_palmeri	SON	MX	unknown	-113.6102033	31.3389783
choya-22-108	choya	Distichlis_palmeri	SON	MX	unknown	-113.6102033	31.3389783
choya-22-109	choya	Distichlis_palmeri	SON	MX	unknown	-113.6102033	31.3389783
choya-22-110	choya	Distichlis_palmeri	SON	MX	unknown	-113.6102033	31.3389783
clara-22-001	clara	Distichlis_palmeri	SON	MX	female	-114.965768	31.955806
clara-22-002	clara	Distichlis_palmeri	SON	MX	female	-114.965768	31.955806
clara-22-003	clara	Distichlis_palmeri	SON	MX	female	-114.965768	31.955806
clara-22-004	clara	Distichlis_palmeri	SON	MX	female	-114.965768	31.955806
clara-22-005	clara	Distichlis_palmeri	SON	MX	female	-114.965768	31.955806
clara-22-006	clara	Distichlis_palmeri	SON	MX	female	-114.965768	31.955806
clara-22-007	clara	Distichlis_palmeri	SON	MX	female	-114.965768	31.955806
clara-22-008	clara	Distichlis_palmeri	SON	MX	female	-114.965768	31.955806
clara-22-009	clara	Distichlis_palmeri	SON	MX	female	-114.965768	31.955806
clara-22-010	clara	Distichlis_palmeri	SON	MX	female	-114.965768	31.955806
clara-22-011	clara	Distichlis_palmeri	SON	MX	female	-114.965768	31.955806
clara-22-012	clara	Distichlis_palmeri	SON	MX	female	-114.965768	31.955806
clara-22-013	clara	Distichlis_palmeri	SON	MX	female	-114.965768	31.955806
clara-22-014	clara	Distichlis_palmeri	SON	MX	female	-114.965768	31.955806
clara-22-015	clara	Distichlis_palmeri	SON	MX	female	-114.965768	31.955806
clara-22-016	clara	Distichlis_palmeri	SON	MX	male	-114.965768	31.955806
clara-22-017	clara	Distichlis_palmeri	SON	MX	male	-114.965768	31.955806
clara-22-018	clara	Distichlis_palmeri	SON	MX	male	-114.965768	31.955806
clara-22-019	clara	Distichlis_palmeri	SON	MX	male	-114.965768	31.955806
clara-22-020	clara	Distichlis_palmeri	SON	MX	male	-114.965768	31.955806
clara-22-021	clara	Distichlis_palmeri	SON	MX	male	-114.965768	31.955806
clara-22-022	clara	Distichlis_palmeri	SON	MX	male	-114.965768	31.955806
clara-22-023	clara	Distichlis_palmeri	SON	MX	male	-114.965768	31.955806
clara-22-024	clara	Distichlis_palmeri	SON	MX	male	-114.965768	31.955806
clara-22-025	clara	Distichlis_palmeri	SON	MX	male	-114.965768	31.955806
clara-22-026	clara	Distichlis_palmeri	SON	MX	male	-114.965768	31.955806
clara-22-027	clara	Distichlis_palmeri	SON	MX	male	-114.965768	31.955806
clara-22-028	clara	Distichlis_palmeri	SON	MX	male	-114.965768	31.955806
clara-22-029	clara	Distichlis_palmeri	SON	MX	male	-114.965768	31.955806
clara-22-030	clara	Distichlis_palmeri	SON	MX	male	-114.965768	31.955806
felipe1-22-001	felipe1	Distichlis_palmeri	BCA	MX	female	-114.89439	31.190132
felipe1-22-002	felipe1	Distichlis_palmeri	BCA	MX	female	-114.89439	31.190132
felipe1-22-003	felipe1	Distichlis_palmeri	BCA	MX	female	-114.89439	31.190132
felipe1-22-004	felipe1	Distichlis_palmeri	BCA	MX	female	-114.89439	31.190132
felipe1-22-005	felipe1	Distichlis_palmeri	BCA	MX	female	-114.89439	31.190132
felipe1-22-006	felipe1	Distichlis_palmeri	BCA	MX	female	-114.89439	31.190132
felipe1-22-007	felipe1	Distichlis_palmeri	BCA	MX	female	-114.89439	31.190132
felipe1-22-008	felipe1	Distichlis_palmeri	BCA	MX	female	-114.89439	31.190132
felipe1-22-009	felipe1	Distichlis_palmeri	BCA	MX	female	-114.89439	31.190132
felipe1-22-010	felipe1	Distichlis_palmeri	BCA	MX	female	-114.89439	31.190132
felipe1-22-011	felipe1	Distichlis_palmeri	BCA	MX	female	-114.89439	31.190132
felipe1-22-012	felipe1	Distichlis_palmeri	BCA	MX	female	-114.89439	31.190132
felipe1-22-013	felipe1	Distichlis_palmeri	BCA	MX	female	-114.89439	31.190132
felipe1-22-014	felipe1	Distichlis_palmeri	BCA	MX	female	-114.89439	31.190132
felipe1-22-015	felipe1	Distichlis_palmeri	BCA	MX	female	-114.89439	31.190132
felipe1-22-016	felipe1	Distichlis_palmeri	BCA	MX	female	-114.89439	31.190132
felipe1-22-017	felipe1	Distichlis_palmeri	BCA	MX	female	-114.89439	31.190132
felipe1-22-018	felipe1	Distichlis_palmeri	BCA	MX	male	-114.89439	31.190132
felipe1-22-019	felipe1	Distichlis_palmeri	BCA	MX	female	-114.89439	31.190132
felipe1-22-020	felipe1	Distichlis_palmeri	BCA	MX	male	-114.89439	31.190132
felipe1-22-021	felipe1	Distichlis_palmeri	BCA	MX	male	-114.89439	31.190132
felipe1-22-022	felipe1	Distichlis_palmeri	BCA	MX	female	-114.89439	31.190132
felipe1-22-023	felipe1	Distichlis_palmeri	BCA	MX	female	-114.89439	31.190132
felipe1-22-024	felipe1	Distichlis_palmeri	BCA	MX	male	-114.89439	31.190132
felipe1-22-025	felipe1	Distichlis_palmeri	BCA	MX	male	-114.89439	31.190132
felipe1-22-026	felipe1	Distichlis_palmeri	BCA	MX	male	-114.89439	31.190132
felipe1-22-027	felipe1	Distichlis_palmeri	BCA	MX	male	-114.89439	31.190132
felipe1-22-028	felipe1	Distichlis_palmeri	BCA	MX	male	-114.89439	31.190132
felipe1-22-029	felipe1	Distichlis_palmeri	BCA	MX	male	-114.89439	31.190132
felipe1-22-030	felipe1	Distichlis_palmeri	BCA	MX	male	-114.89439	31.190132
felipe1-22-031	felipe1	Distichlis_palmeri	BCA	MX	male	-114.89439	31.190132
felipe1-22-032	felipe1	Distichlis_palmeri	BCA	MX	male	-114.89439	31.190132
felipe1-22-033	felipe1	Distichlis_palmeri	BCA	MX	male	-114.89439	31.190132
felipe1-22-034	felipe1	Distichlis_palmeri	BCA	MX	male	-114.89439	31.190132
felipe1-22-035	felipe1	Distichlis_palmeri	BCA	MX	male	-114.89439	31.190132
felipe1-22-036	felipe1	Distichlis_palmeri	BCA	MX	male	-114.89439	31.190132
felipe1-22-037	felipe1	Distichlis_palmeri	BCA	MX	male	-114.89439	31.190132
felipe1-22-038	felipe1	Distichlis_palmeri	BCA	MX	male	-114.89439	31.190132
felipe1-22-039	felipe1	Distichlis_palmeri	BCA	MX	male	-114.89439	31.190132
felipe2-22-001	felipe2	Distichlis_palmeri	BCA	MX	male	-114.8206499	30.9830833
felipe2-22-002	felipe2	Distichlis_palmeri	BCA	MX	male	-114.8206499	30.9830833
felipe2-22-003	felipe2	Distichlis_palmeri	BCA	MX	male	-114.8206499	30.9830833
felipe2-22-004	felipe2	Distichlis_palmeri	BCA	MX	male	-114.8206499	30.9830833
felipe2-22-005	felipe2	Distichlis_palmeri	BCA	MX	male	-114.8206499	30.9830833
felipe2-22-006	felipe2	Distichlis_palmeri	BCA	MX	female	-114.8206499	30.9830833
felipe2-22-007	felipe2	Distichlis_palmeri	BCA	MX	female	-114.8206499	30.9830833
felipe2-22-008	felipe2	Distichlis_palmeri	BCA	MX	female	-114.8206499	30.9830833
felipe2-22-009	felipe2	Distichlis_palmeri	BCA	MX	female	-114.8206499	30.9830833
felipe2-22-010	felipe2	Distichlis_palmeri	BCA	MX	female	-114.8206499	30.9830833
felipe2-22-011	felipe2	Distichlis_palmeri	BCA	MX	female	-114.8206499	30.9830833
felipe2-22-012	felipe2	Distichlis_palmeri	BCA	MX	female	-114.8206499	30.9830833
felipe2-22-013	felipe2	Distichlis_palmeri	BCA	MX	female	-114.8206499	30.9830833
felipe2-22-014	felipe2	Distichlis_palmeri	BCA	MX	female	-114.8206499	30.9830833
felipe2-22-015	felipe2	Distichlis_palmeri	BCA	MX	female	-114.8206499	30.9830833
felipe2-22-016	felipe2	Distichlis_palmeri	BCA	MX	female	-114.8206499	30.9830833
felipe2-22-017	felipe2	Distichlis_palmeri	BCA	MX	female	-114.8206499	30.9830833
felipe2-22-018	felipe2	Distichlis_palmeri	BCA	MX	female	-114.8206499	30.9830833
felipe2-22-019	felipe2	Distichlis_palmeri	BCA	MX	female	-114.8206499	30.9830833
felipe2-22-020	felipe2	Distichlis_palmeri	BCA	MX	female	-114.8206499	30.9830833
felipe2-22-021	felipe2	Distichlis_palmeri	BCA	MX	female	-114.8206499	30.9830833
felipe2-22-022	felipe2	Distichlis_palmeri	BCA	MX	female	-114.8206499	30.9830833
felipe2-22-023	felipe2	Distichlis_palmeri	BCA	MX	female	-114.8206499	30.9830833
felipe2-22-024	felipe2	Distichlis_palmeri	BCA	MX	female	-114.8206499	30.9830833
felipe2-22-025	felipe2	Distichlis_palmeri	BCA	MX	female	-114.8206499	30.9830833
felipe2-22-026	felipe2	Distichlis_palmeri	BCA	MX	male	-114.8206499	30.9830833
felipe2-22-027	felipe2	Distichlis_palmeri	BCA	MX	male	-114.8206499	30.9830833
felipe2-22-028	felipe2	Distichlis_palmeri	BCA	MX	male	-114.8206499	30.9830833
felipe2-22-029	felipe2	Distichlis_palmeri	BCA	MX	male	-114.8206499	30.9830833
felipe2-22-030	felipe2	Distichlis_palmeri	BCA	MX	male	-114.8206499	30.9830833
felipe2-22-031	felipe2	Distichlis_palmeri	BCA	MX	male	-114.8206499	30.9830833
felipe2-22-032	felipe2	Distichlis_palmeri	BCA	MX	male	-114.8206499	30.9830833
felipe2-22-033	felipe2	Distichlis_palmeri	BCA	MX	male	-114.8206499	30.9830833
felipe2-22-034	felipe2	Distichlis_palmeri	BCA	MX	male	-114.8206499	30.9830833
felipe2-22-035	felipe2	Distichlis_palmeri	BCA	MX	male	-114.8206499	30.9830833
felipe2-22-036	felipe2	Distichlis_palmeri	BCA	MX	male	-114.8206499	30.9830833
felipe2-22-037	felipe2	Distichlis_palmeri	BCA	MX	male	-114.8206499	30.9830833
felipe2-22-038	felipe2	Distichlis_palmeri	BCA	MX	male	-114.8206499	30.9830833
felipe2-22-039	felipe2	Distichlis_palmeri	BCA	MX	male	-114.8206499	30.9830833
felipe2-22-040	felipe2	Distichlis_palmeri	BCA	MX	male	-114.8206499	30.9830833
gato-22-001	gato	Distichlis_palmeri	BCS	MX	unknown	-110.31266	24.25065
gato-22-002	gato	Distichlis_palmeri	BCS	MX	unknown	-110.31266	24.25065
gato-22-003	gato	Distichlis_palmeri	BCS	MX	unknown	-110.31266	24.25065
gato-22-004	gato	Distichlis_palmeri	BCS	MX	unknown	-110.31266	24.25065
gato-22-005	gato	Distichlis_palmeri	BCS	MX	unknown	-110.31266	24.25065
gato-22-006	gato	Distichlis_palmeri	BCS	MX	unknown	-110.31266	24.25065
gato-22-007	gato	Distichlis_palmeri	BCS	MX	unknown	-110.31266	24.25065
gato-22-008	gato	Distichlis_palmeri	BCS	MX	unknown	-110.31266	24.25065
gato-22-009	gato	Distichlis_palmeri	BCS	MX	unknown	-110.31266	24.25065
gato-22-010	gato	Distichlis_palmeri	BCS	MX	unknown	-110.31266	24.25065
gonzaga-22-001	gonzaga	Distichlis_palmeri	BCA	MX	female	-114.397868	29.7939916
gonzaga-22-002	gonzaga	Distichlis_palmeri	BCA	MX	female	-114.397868	29.7939916
gonzaga-22-003	gonzaga	Distichlis_palmeri	BCA	MX	unknown	-114.397868	29.7939916
gonzaga-22-004	gonzaga	Distichlis_palmeri	BCA	MX	female	-114.397868	29.7939916
gonzaga-22-005	gonzaga	Distichlis_palmeri	BCA	MX	female	-114.397868	29.7939916
gonzaga-22-006	gonzaga	Distichlis_palmeri	BCA	MX	female	-114.397868	29.7939916
gonzaga-22-007	gonzaga	Distichlis_palmeri	BCA	MX	female	-114.397868	29.7939916
gonzaga-22-008	gonzaga	Distichlis_palmeri	BCA	MX	unknown	-114.397868	29.7939916
gonzaga-22-009	gonzaga	Distichlis_palmeri	BCA	MX	unknown	-114.397868	29.7939916
gonzaga-22-010	gonzaga	Distichlis_palmeri	BCA	MX	unknown	-114.397868	29.7939916
gonzaga-22-011	gonzaga	Distichlis_palmeri	BCA	MX	female	-114.397868	29.7939916
gonzaga-22-012	gonzaga	Distichlis_palmeri	BCA	MX	unknown	-114.397868	29.7939916
gonzaga-22-013	gonzaga	Distichlis_palmeri	BCA	MX	female	-114.397868	29.7939916
gonzaga-22-014	gonzaga	Distichlis_palmeri	BCA	MX	female	-114.397868	29.7939916
gonzaga-22-015	gonzaga	Distichlis_palmeri	BCA	MX	unknown	-114.397868	29.7939916
gonzaga-22-016	gonzaga	Distichlis_palmeri	BCA	MX	female	-114.397868	29.7939916
gonzaga-22-017	gonzaga	Distichlis_palmeri	BCA	MX	female	-114.397868	29.7939916
gonzaga-22-018	gonzaga	Distichlis_palmeri	BCA	MX	unknown	-114.397868	29.7939916
gonzaga-22-019	gonzaga	Distichlis_palmeri	BCA	MX	female	-114.397868	29.7939916
gonzaga-22-020	gonzaga	Distichlis_palmeri	BCA	MX	female	-114.397868	29.7939916
gonzaga-22-021	gonzaga	Distichlis_palmeri	BCA	MX	unknown	-114.397868	29.7939916
gonzaga-22-022	gonzaga	Distichlis_palmeri	BCA	MX	unknown	-114.397868	29.7939916
gonzaga-22-023	gonzaga	Distichlis_palmeri	BCA	MX	female	-114.397868	29.7939916
gonzaga-22-024	gonzaga	Distichlis_palmeri	BCA	MX	female	-114.397868	29.7939916
gonzaga-22-025	gonzaga	Distichlis_palmeri	BCA	MX	unknown	-114.397868	29.7939916
gonzaga-22-028	gonzaga	Distichlis_palmeri	BCA	MX	unknown	-114.397868	29.7939916
gonzaga-22-029	gonzaga	Distichlis_palmeri	BCA	MX	unknown	-114.397868	29.7939916
gonzaga-22-030	gonzaga	Distichlis_palmeri	BCA	MX	unknown	-114.397868	29.7939916
gonzaga-22-031	gonzaga	Distichlis_palmeri	BCA	MX	unknown	-114.397868	29.7939916
gonzaga-22-032	gonzaga	Distichlis_palmeri	BCA	MX	unknown	-114.397868	29.7939916
kino-22-003	kino	Distichlis_palmeri	SON	MX	female	-111.9266183	28.8118766
kino-22-004	kino	Distichlis_palmeri	SON	MX	male	-111.9266183	28.8118766
kino-22-005	kino	Distichlis_palmeri	SON	MX	female	-111.9266183	28.8118766
kino-22-006	kino	Distichlis_palmeri	SON	MX	male	-111.9266183	28.8118766
kino-22-007	kino	Distichlis_palmeri	SON	MX	female	-111.9266183	28.8118766
kino-22-008	kino	Distichlis_palmeri	SON	MX	male	-111.9266183	28.8118766
kino-22-009	kino	Distichlis_palmeri	SON	MX	male	-111.9266183	28.8118766
kino-22-010	kino	Distichlis_palmeri	SON	MX	male	-111.9266183	28.8118766
kino-22-011	kino	Distichlis_palmeri	SON	MX	male	-111.9266183	28.8118766
kino-22-012	kino	Distichlis_palmeri	SON	MX	female	-111.9266183	28.8118766
kino-22-013	kino	Distichlis_palmeri	SON	MX	female	-111.9266183	28.8118766
kino-22-014	kino	Distichlis_palmeri	SON	MX	female	-111.9266183	28.8118766
kino-22-015	kino	Distichlis_palmeri	SON	MX	female	-111.9266183	28.8118766
kino-22-016	kino	Distichlis_palmeri	SON	MX	female	-111.9266183	28.8118766
kino-22-017	kino	Distichlis_palmeri	SON	MX	female	-111.9266183	28.8118766
kino-22-018	kino	Distichlis_palmeri	SON	MX	male	-111.9266183	28.8118766
kino-22-019	kino	Distichlis_palmeri	SON	MX	male	-111.9266183	28.8118766
kino-22-020	kino	Distichlis_palmeri	SON	MX	male	-111.9266183	28.8118766
kino-22-021	kino	Distichlis_palmeri	SON	MX	male	-111.9266183	28.8118766
kino-22-022	kino	Distichlis_palmeri	SON	MX	male	-111.9266183	28.8118766
kino-22-023	kino	Distichlis_palmeri	SON	MX	male	-111.9266183	28.8118766
kino-22-024	kino	Distichlis_palmeri	SON	MX	male	-111.9266183	28.8118766
kino-22-025	kino	Distichlis_palmeri	SON	MX	male	-111.9266183	28.8118766
kino-22-026	kino	Distichlis_palmeri	SON	MX	male	-111.9266183	28.8118766
kino-22-027	kino	Distichlis_palmeri	SON	MX	male	-111.9266183	28.8118766
kino-22-028	kino	Distichlis_palmeri	SON	MX	male	-111.9266183	28.8118766
kino-22-029	kino	Distichlis_palmeri	SON	MX	male	-111.9266183	28.8118766
kino-22-030	kino	Distichlis_palmeri	SON	MX	male	-111.9266183	28.8118766
kino-22-031	kino	Distichlis_palmeri	SON	MX	male	-111.9266183	28.8118766
kino-22-032	kino	Distichlis_palmeri	SON	MX	male	-111.9266183	28.8118766
kino-22-033	kino	Distichlis_palmeri	SON	MX	male	-111.9266183	28.8118766
kino-22-034	kino	Distichlis_palmeri	SON	MX	male	-111.9266183	28.8118766
kino-22-035	kino	Distichlis_palmeri	SON	MX	male	-111.9266183	28.8118766
kino-22-036	kino	Distichlis_palmeri	SON	MX	male	-111.9266183	28.8118766
kino-22-037	kino	Distichlis_palmeri	SON	MX	female	-111.9266183	28.8118766
kino-22-038	kino	Distichlis_palmeri	SON	MX	female	-111.9266183	28.8118766
kino-22-039	kino	Distichlis_palmeri	SON	MX	female	-111.9266183	28.8118766
kino-22-040	kino	Distichlis_palmeri	SON	MX	female	-111.9266183	28.8118766
kino-22-041	kino	Distichlis_palmeri	SON	MX	female	-111.9266183	28.8118766
kino-22-042	kino	Distichlis_palmeri	SON	MX	female	-111.9266183	28.8118766
kino-22-043	kino	Distichlis_palmeri	SON	MX	female	-111.9266183	28.8118766
kino-22-044	kino	Distichlis_palmeri	SON	MX	female	-111.9266183	28.8118766
kino-22-045	kino	Distichlis_palmeri	SON	MX	female	-111.9266183	28.8118766
kino-22-046	kino	Distichlis_palmeri	SON	MX	female	-111.9266183	28.8118766
kino-22-047	kino	Distichlis_palmeri	SON	MX	female	-111.9266183	28.8118766
kino-22-048	kino	Distichlis_palmeri	SON	MX	female	-111.9266183	28.8118766
kino-22-049	kino	Distichlis_palmeri	SON	MX	female	-111.9266183	28.8118766
kino-22-050	kino	Distichlis_palmeri	SON	MX	female	-111.9266183	28.8118766
kino-22-051	kino	Distichlis_palmeri	SON	MX	female	-111.9266183	28.8118766
kino-22-052	kino	Distichlis_palmeri	SON	MX	female	-111.9266183	28.8118766
mona-22-001	mona	Distichlis_palmeri	BCA	MX	male	-113.4937283	28.8869716
mona-22-002	mona	Distichlis_palmeri	BCA	MX	male	-113.4937283	28.8869716
mona-22-003	mona	Distichlis_palmeri	BCA	MX	male	-113.4937283	28.8869716
mona-22-004	mona	Distichlis_palmeri	BCA	MX	male	-113.4937283	28.8869716
mona-22-005	mona	Distichlis_palmeri	BCA	MX	male	-113.4937283	28.8869716
mona-22-006	mona	Distichlis_palmeri	BCA	MX	male	-113.4937283	28.8869716
mona-22-007	mona	Distichlis_palmeri	BCA	MX	male	-113.4937283	28.8869716
mona-22-008	mona	Distichlis_palmeri	BCA	MX	male	-113.4937283	28.8869716
mona-22-009	mona	Distichlis_palmeri	BCA	MX	male	-113.4937283	28.8869716
mona-22-010	mona	Distichlis_palmeri	BCA	MX	male	-113.4937283	28.8869716
mona-22-011	mona	Distichlis_palmeri	BCA	MX	unknown	-113.4937283	28.8869716
mona-22-012	mona	Distichlis_palmeri	BCA	MX	unknown	-113.4937283	28.8869716
mona-22-013	mona	Distichlis_palmeri	BCA	MX	unknown	-113.4937283	28.8869716
mona-22-014	mona	Distichlis_palmeri	BCA	MX	unknown	-113.4937283	28.8869716
mona-22-015	mona	Distichlis_palmeri	BCA	MX	unknown	-113.4937283	28.8869716
mona-22-016	mona	Distichlis_palmeri	BCA	MX	unknown	-113.4937283	28.8869716
mona-22-017	mona	Distichlis_palmeri	BCA	MX	unknown	-113.4937283	28.8869716
mona-22-018	mona	Distichlis_palmeri	BCA	MX	unknown	-113.4937283	28.8869716
mona-22-019	mona	Distichlis_palmeri	BCA	MX	unknown	-113.4937283	28.8869716
mona-22-020	mona	Distichlis_palmeri	BCA	MX	unknown	-113.4937283	28.8869716
mona-22-021	mona	Distichlis_palmeri	BCA	MX	unknown	-113.4937283	28.8869716
mona-22-022	mona	Distichlis_palmeri	BCA	MX	unknown	-113.4937283	28.8869716
mona-22-023	mona	Distichlis_palmeri	BCA	MX	unknown	-113.4937283	28.8869716
mona-22-024	mona	Distichlis_palmeri	BCA	MX	unknown	-113.4937283	28.8869716
mona-22-025	mona	Distichlis_palmeri	BCA	MX	unknown	-113.4937283	28.8869716
mona-22-026	mona	Distichlis_palmeri	BCA	MX	male	-113.4937283	28.8869716
mona-22-027	mona	Distichlis_palmeri	BCA	MX	male	-113.4937283	28.8869716
mona-22-028	mona	Distichlis_palmeri	BCA	MX	male	-113.4937283	28.8869716
mona-22-029	mona	Distichlis_palmeri	BCA	MX	male	-113.4937283	28.8869716
mona-22-030	mona	Distichlis_palmeri	BCA	MX	male	-113.4937283	28.8869716
montague-22-001	montague	Distichlis_palmeri	BCA	MX	female	-114.687824	31.690323
montague-22-002	montague	Distichlis_palmeri	BCA	MX	female	-114.687824	31.690323
montague-22-003	montague	Distichlis_palmeri	BCA	MX	female	-114.687824	31.690323
montague-22-004	montague	Distichlis_palmeri	BCA	MX	female	-114.687824	31.690323
montague-22-005	montague	Distichlis_palmeri	BCA	MX	female	-114.687824	31.690323
montague-22-006	montague	Distichlis_palmeri	BCA	MX	female	-114.687824	31.690323
montague-22-007	montague	Distichlis_palmeri	BCA	MX	female	-114.687824	31.690323
montague-22-008	montague	Distichlis_palmeri	BCA	MX	female	-114.687824	31.690323
montague-22-009	montague	Distichlis_palmeri	BCA	MX	female	-114.687824	31.690323
montague-22-010	montague	Distichlis_palmeri	BCA	MX	female	-114.687824	31.690323
montague-22-011	montague	Distichlis_palmeri	BCA	MX	female	-114.687824	31.690323
montague-22-012	montague	Distichlis_palmeri	BCA	MX	female	-114.687824	31.690323
montague-22-013	montague	Distichlis_palmeri	BCA	MX	female	-114.687824	31.690323
montague-22-014	montague	Distichlis_palmeri	BCA	MX	female	-114.687824	31.690323
montague-22-015	montague	Distichlis_palmeri	BCA	MX	female	-114.687824	31.690323
montague-22-016	montague	Distichlis_palmeri	BCA	MX	male	-114.687824	31.690323
montague-22-017	montague	Distichlis_palmeri	BCA	MX	male	-114.687824	31.690323
montague-22-018	montague	Distichlis_palmeri	BCA	MX	male	-114.687824	31.690323
montague-22-019	montague	Distichlis_palmeri	BCA	MX	male	-114.687824	31.690323
montague-22-020	montague	Distichlis_palmeri	BCA	MX	male	-114.687824	31.690323
montague-22-021	montague	Distichlis_palmeri	BCA	MX	male	-114.687824	31.690323
montague-22-022	montague	Distichlis_palmeri	BCA	MX	male	-114.687824	31.690323
montague-22-023	montague	Distichlis_palmeri	BCA	MX	male	-114.687824	31.690323
montague-22-024	montague	Distichlis_palmeri	BCA	MX	male	-114.687824	31.690323
montague-22-025	montague	Distichlis_palmeri	BCA	MX	male	-114.687824	31.690323
montague-22-026	montague	Distichlis_palmeri	BCA	MX	male	-114.687824	31.690323
montague-22-027	montague	Distichlis_palmeri	BCA	MX	male	-114.687824	31.690323
montague-22-028	montague	Distichlis_palmeri	BCA	MX	male	-114.687824	31.690323
montague-22-029	montague	Distichlis_palmeri	BCA	MX	male	-114.687824	31.690323
montague-22-030	montague	Distichlis_palmeri	BCA	MX	male	-114.687824	31.690323
navopatia-22-001	navopatia	Distichlis_palmeri	SON	MX	unknown	-109.237828	26.401961
navopatia-22-002	navopatia	Distichlis_palmeri	SON	MX	unknown	-109.237828	26.401961
navopatia-22-003	navopatia	Distichlis_palmeri	SON	MX	unknown	-109.237828	26.401961
navopatia-22-004	navopatia	Distichlis_palmeri	SON	MX	unknown	-109.237828	26.401961
navopatia-22-005	navopatia	Distichlis_palmeri	SON	MX	unknown	-109.237828	26.401961
navopatia-22-006	navopatia	Distichlis_palmeri	SON	MX	unknown	-109.237828	26.401961
navopatia-22-007	navopatia	Distichlis_palmeri	SON	MX	unknown	-109.237828	26.401961
navopatia-22-008	navopatia	Distichlis_palmeri	SON	MX	unknown	-109.237828	26.401961
navopatia-22-009	navopatia	Distichlis_palmeri	SON	MX	unknown	-109.237828	26.401961
navopatia-22-010	navopatia	Distichlis_palmeri	SON	MX	unknown	-109.237828	26.401961
navopatia-22-011	navopatia	Distichlis_palmeri	SON	MX	unknown	-109.237828	26.401961
navopatia-22-012	navopatia	Distichlis_palmeri	SON	MX	unknown	-109.237828	26.401961
navopatia-22-013	navopatia	Distichlis_palmeri	SON	MX	unknown	-109.237828	26.401961
navopatia-22-014	navopatia	Distichlis_palmeri	SON	MX	unknown	-109.237828	26.401961
navopatia-22-015	navopatia	Distichlis_palmeri	SON	MX	unknown	-109.237828	26.401961
navopatia-22-016	navopatia	Distichlis_palmeri	SON	MX	unknown	-109.237828	26.401961
navopatia-22-017	navopatia	Distichlis_palmeri	SON	MX	unknown	-109.237828	26.401961
navopatia-22-018	navopatia	Distichlis_palmeri	SON	MX	unknown	-109.237828	26.401961
navopatia-22-019	navopatia	Distichlis_palmeri	SON	MX	unknown	-109.237828	26.401961
navopatia-22-020	navopatia	Distichlis_palmeri	SON	MX	unknown	-109.237828	26.401961
navopatia-22-021	navopatia	Distichlis_palmeri	SON	MX	unknown	-109.237828	26.401961
navopatia-22-022	navopatia	Distichlis_palmeri	SON	MX	unknown	-109.237828	26.401961
navopatia-22-023	navopatia	Distichlis_palmeri	SON	MX	unknown	-109.237828	26.401961
navopatia-22-024	navopatia	Distichlis_palmeri	SON	MX	unknown	-109.237828	26.401961
navopatia-22-025	navopatia	Distichlis_palmeri	SON	MX	unknown	-109.237828	26.401961
navopatia-22-026	navopatia	Distichlis_palmeri	SON	MX	unknown	-109.237828	26.401961
navopatia-22-027	navopatia	Distichlis_palmeri	SON	MX	unknown	-109.237828	26.401961
navopatia-22-028	navopatia	Distichlis_palmeri	SON	MX	unknown	-109.237828	26.401961
navopatia-22-029	navopatia	Distichlis_palmeri	SON	MX	unknown	-109.237828	26.401961
starosa-22-001	starosa	Distichlis_palmeri	SON	MX	male	-112.1605716	28.9748083
starosa-22-002	starosa	Distichlis_palmeri	SON	MX	male	-112.1605716	28.9748083
starosa-22-003	starosa	Distichlis_palmeri	SON	MX	male	-112.1605716	28.9748083
starosa-22-004	starosa	Distichlis_palmeri	SON	MX	male	-112.1605716	28.9748083
starosa-22-005	starosa	Distichlis_palmeri	SON	MX	male	-112.1605716	28.9748083
starosa-22-006	starosa	Distichlis_palmeri	SON	MX	male	-112.1605716	28.9748083
starosa-22-007	starosa	Distichlis_palmeri	SON	MX	male	-112.1605716	28.9748083
starosa-22-008	starosa	Distichlis_palmeri	SON	MX	male	-112.1605716	28.9748083
starosa-22-009	starosa	Distichlis_palmeri	SON	MX	male	-112.1605716	28.9748083
starosa-22-010	starosa	Distichlis_palmeri	SON	MX	male	-112.1605716	28.9748083
starosa-22-011	starosa	Distichlis_palmeri	SON	MX	male	-112.1605716	28.9748083
starosa-22-012	starosa	Distichlis_palmeri	SON	MX	male	-112.1605716	28.9748083
starosa-22-013	starosa	Distichlis_palmeri	SON	MX	male	-112.1605716	28.9748083
starosa-22-014	starosa	Distichlis_palmeri	SON	MX	male	-112.1605716	28.9748083
starosa-22-015	starosa	Distichlis_palmeri	SON	MX	male	-112.1605716	28.9748083
starosa-22-016	starosa	Distichlis_palmeri	SON	MX	male	-112.1605716	28.9748083
starosa-22-017	starosa	Distichlis_palmeri	SON	MX	male	-112.1605716	28.9748083
starosa-22-018	starosa	Distichlis_palmeri	SON	MX	male	-112.1605716	28.9748083
starosa-22-019	starosa	Distichlis_palmeri	SON	MX	male	-112.1605716	28.9748083
starosa-22-020	starosa	Distichlis_palmeri	SON	MX	male	-112.1605716	28.9748083
starosa-22-021	starosa	Distichlis_palmeri	SON	MX	male	-112.1605716	28.9748083
starosa-22-022	starosa	Distichlis_palmeri	SON	MX	male	-112.1605716	28.9748083
starosa-22-023	starosa	Distichlis_palmeri	SON	MX	male	-112.1605716	28.9748083
starosa-22-024	starosa	Distichlis_palmeri	SON	MX	male	-112.1605716	28.9748083
starosa-22-025	starosa	Distichlis_palmeri	SON	MX	male	-112.1605716	28.9748083
starosa-22-026	starosa	Distichlis_palmeri	SON	MX	unknown	-112.1605716	28.9748083
starosa-22-027	starosa	Distichlis_palmeri	SON	MX	male	-112.1605716	28.9748083
starosa-22-028	starosa	Distichlis_palmeri	SON	MX	unknown	-112.1605716	28.9748083
starosa-22-029	starosa	Distichlis_palmeri	SON	MX	unknown	-112.1605716	28.9748083
starosa-22-032	starosa	Distichlis_palmeri	SON	MX	unknown	-112.1605716	28.9748083
starosa-22-034	starosa	Distichlis_palmeri	SON	MX	unknown	-112.1605716	28.9748083
starosa-22-035	starosa	Distichlis_palmeri	SON	MX	unknown	-112.1605716	28.9748083
starosa-22-036	starosa	Distichlis_palmeri	SON	MX	unknown	-112.1605716	28.9748083
starosa-22-037	starosa	Distichlis_palmeri	SON	MX	unknown	-112.1605716	28.9748083
starosa-22-038	starosa	Distichlis_palmeri	SON	MX	unknown	-112.1605716	28.9748083
starosa-22-039	starosa	Distichlis_palmeri	SON	MX	unknown	-112.1605716	28.9748083
2021-KS-Q1	2021_KS	Distichlis_spicata	KS	US	unknown	-98.49	38.08
2021-KS-Q10	2021_KS	Distichlis_spicata	KS	US	unknown	-98.49	38.08
2021-KS-Q11	2021_KS	Distichlis_spicata	KS	US	unknown	-98.49	38.08
2021-KS-Q12	2021_KS	Distichlis_spicata	KS	US	unknown	-98.49	38.08
2021-KS-Q13	2021_KS	Distichlis_spicata	KS	US	unknown	-98.49	38.08
2021-KS-Q14	2021_KS	Distichlis_spicata	KS	US	unknown	-98.49	38.08
2021-KS-Q15	2021_KS	Distichlis_spicata	KS	US	unknown	-98.49	38.08
2021-KS-Q18	2021_KS	Distichlis_spicata	KS	US	unknown	-98.49	38.08
2021-KS-Q2	2021_KS	Distichlis_spicata	KS	US	unknown	-98.49	38.08
2021-KS-Q21	2021_KS	Distichlis_spicata	KS	US	unknown	-98.49	38.08
2021-KS-Q23	2021_KS	Distichlis_spicata	KS	US	unknown	-98.49	38.08
2021-KS-Q24	2021_KS	Distichlis_spicata	KS	US	unknown	-98.49	38.08
2021-KS-Q25	2021_KS	Distichlis_spicata	KS	US	unknown	-98.49	38.08
2021-KS-Q27	2021_KS	Distichlis_spicata	KS	US	unknown	-98.49	38.08
2021-KS-Q28	2021_KS	Distichlis_spicata	KS	US	unknown	-98.49	38.08
2021-KS-Q3	2021_KS	Distichlis_spicata	KS	US	unknown	-98.49	38.08
2021-KS-Q32	2021_KS	Distichlis_spicata	KS	US	unknown	-98.49	38.08
2021-KS-Q33	2021_KS	Distichlis_spicata	KS	US	unknown	-98.49	38.08
2021-KS-Q35	2021_KS	Distichlis_spicata	KS	US	unknown	-98.49	38.08
2021-KS-Q36	2021_KS	Distichlis_spicata	KS	US	unknown	-98.49	38.08
2021-KS-Q37	2021_KS	Distichlis_spicata	KS	US	unknown	-98.49	38.08
2021-KS-Q4	2021_KS	Distichlis_spicata	KS	US	unknown	-98.49	38.08
2021-KS-Q40	2021_KS	Distichlis_spicata	KS	US	unknown	-98.49	38.08
2021-KS-Q5	2021_KS	Distichlis_spicata	KS	US	unknown	-98.49	38.08
2021-KS-Q6	2021_KS	Distichlis_spicata	KS	US	unknown	-98.49	38.08
2021-KS-Q7	2021_KS	Distichlis_spicata	KS	US	unknown	-98.49	38.08
2021-KS-Q8	2021_KS	Distichlis_spicata	KS	US	unknown	-98.49	38.08
2021-KS-Q9	2021_KS	Distichlis_spicata	KS	US	unknown	-98.49	38.08
Granite2018-001	Granite	Distichlis_spicata	UT	US	unknown	-112.03	41.04
Granite2018-002	Granite	Distichlis_spicata	UT	US	unknown	-112.03	41.04
Granite2018-003	Granite	Distichlis_spicata	UT	US	unknown	-112.03	41.04
Granite2018-004	Granite	Distichlis_spicata	UT	US	unknown	-112.03	41.04
Granite2018-005	Granite	Distichlis_spicata	UT	US	unknown	-112.03	41.04
Granite2018-006	Granite	Distichlis_spicata	UT	US	unknown	-112.03	41.04
Granite2018-007	Granite	Distichlis_spicata	UT	US	unknown	-112.03	41.04
Granite2018-008	Granite	Distichlis_spicata	UT	US	unknown	-112.03	41.04
Granite2018-009	Granite	Distichlis_spicata	UT	US	unknown	-112.03	41.04
Granite2018-010	Granite	Distichlis_spicata	UT	US	unknown	-112.03	41.04
Granite2018-011	Granite	Distichlis_spicata	UT	US	unknown	-112.03	41.04
Granite2018-012	Granite	Distichlis_spicata	UT	US	unknown	-112.03	41.04
GreatBasin-001	Great_Basin	Distichlis_spicata	NV	US	unknown	-117.224	38.8026
GreatBasin-002	Great_Basin	Distichlis_spicata	NV	US	unknown	-117.224	38.8026
GreatBasin-003	Great_Basin	Distichlis_spicata	NV	US	unknown	-117.224	38.8026
GreatBasin-004	Great_Basin	Distichlis_spicata	NV	US	unknown	-117.224	38.8026
GreatBasin-005	Great_Basin	Distichlis_spicata	NV	US	unknown	-117.224	38.8026
GreatBasin-006	Great_Basin	Distichlis_spicata	NV	US	unknown	-117.224	38.8026
GreatBasin-007	Great_Basin	Distichlis_spicata	NV	US	unknown	-117.224	38.8026
GreatBasin-008	Great_Basin	Distichlis_spicata	NV	US	unknown	-117.224	38.8026
GreatBasin-009	Great_Basin	Distichlis_spicata	NV	US	unknown	-117.224	38.8026
GreatBasin-010	Great_Basin	Distichlis_spicata	NV	US	unknown	-117.224	38.8026
GreatBasin-011	Great_Basin	Distichlis_spicata	NV	US	unknown	-117.224	38.8026
GreatBasin-012	Great_Basin	Distichlis_spicata	NV	US	unknown	-117.224	38.8026
HBell_436A	HBell	Distichlis_spicata	COA	MX	unknown	-101.96194	26.992
HBell_436B	HBell	Distichlis_spicata	COA	MX	unknown	-101.96194	26.992
HBell_436C	HBell	Distichlis_spicata	COA	MX	unknown	-101.96194	26.992
HBell_436D	HBell	Distichlis_spicata	COA	MX	unknown	-101.96194	26.992
HBell_436E	HBell	Distichlis_spicata	COA	MX	unknown	-101.96194	26.992
HBell_436F	HBell	Distichlis_spicata	COA	MX	unknown	-101.96194	26.992
HBell_436G	HBell	Distichlis_spicata	COA	MX	unknown	-101.96194	26.992
saltgrass_9032692	S9032_spi	Distichlis_spicata	CA	US	unknown	NA	NA
sandlake-female-01	Sandlake	Distichlis_spicata	OR	US	female	-123.95	45.27
sandlake-female-02	Sandlake	Distichlis_spicata	OR	US	female	-123.95	45.27
sandlake-female-03	Sandlake	Distichlis_spicata	OR	US	female	-123.95	45.27
sandlake-female-04	Sandlake	Distichlis_spicata	OR	US	female	-123.95	45.27
sandlake-female-05	Sandlake	Distichlis_spicata	OR	US	female	-123.95	45.27
sandlake-female-06	Sandlake	Distichlis_spicata	OR	US	female	-123.95	45.27
sandlake-female-07	Sandlake	Distichlis_spicata	OR	US	female	-123.95	45.27
sandlake-female-08	Sandlake	Distichlis_spicata	OR	US	female	-123.95	45.27
sandlake-female-09	Sandlake	Distichlis_spicata	OR	US	female	-123.95	45.27
sandlake-female-10	Sandlake	Distichlis_spicata	OR	US	female	-123.95	45.27
sandlake-female-11	Sandlake	Distichlis_spicata	OR	US	female	-123.95	45.27
sandlake-female-12	Sandlake	Distichlis_spicata	OR	US	female	-123.95	45.27
sandlake-female-13	Sandlake	Distichlis_spicata	OR	US	female	-123.95	45.27
sandlake-female-14	Sandlake	Distichlis_spicata	OR	US	female	-123.95	45.27
sandlake-female-15	Sandlake	Distichlis_spicata	OR	US	female	-123.95	45.27
sandlake-female-16	Sandlake	Distichlis_spicata	OR	US	female	-123.95	45.27
sandlake-female-17	Sandlake	Distichlis_spicata	OR	US	female	-123.95	45.27
sandlake-female-18	Sandlake	Distichlis_spicata	OR	US	female	-123.95	45.27
sandlake-female-19	Sandlake	Distichlis_spicata	OR	US	female	-123.95	45.27
sandlake-female-20	Sandlake	Distichlis_spicata	OR	US	female	-123.95	45.27
sandlake-female-21	Sandlake	Distichlis_spicata	OR	US	female	-123.95	45.27
sandlake-female-22	Sandlake	Distichlis_spicata	OR	US	female	-123.95	45.27
sandlake-female-23	Sandlake	Distichlis_spicata	OR	US	female	-123.95	45.27
sandlake-female-24	Sandlake	Distichlis_spicata	OR	US	female	-123.95	45.27
sandlake-female-25	Sandlake	Distichlis_spicata	OR	US	female	-123.95	45.27
sandlake-male-01	Sandlake	Distichlis_spicata	OR	US	male	-123.95	45.27
sandlake-male-02	Sandlake	Distichlis_spicata	OR	US	male	-123.95	45.27
sandlake-male-03	Sandlake	Distichlis_spicata	OR	US	male	-123.95	45.27
sandlake-male-04	Sandlake	Distichlis_spicata	OR	US	male	-123.95	45.27
sandlake-male-05	Sandlake	Distichlis_spicata	OR	US	male	-123.95	45.27
sandlake-male-06	Sandlake	Distichlis_spicata	OR	US	male	-123.95	45.27
sandlake-male-07	Sandlake	Distichlis_spicata	OR	US	male	-123.95	45.27
sandlake-male-08	Sandlake	Distichlis_spicata	OR	US	male	-123.95	45.27
sandlake-male-09	Sandlake	Distichlis_spicata	OR	US	male	-123.95	45.27
sandlake-male-10	Sandlake	Distichlis_spicata	OR	US	male	-123.95	45.27
sandlake-male-11	Sandlake	Distichlis_spicata	OR	US	male	-123.95	45.27
sandlake-male-12	Sandlake	Distichlis_spicata	OR	US	male	-123.95	45.27
sandlake-male-13	Sandlake	Distichlis_spicata	OR	US	male	-123.95	45.27
sandlake-male-14	Sandlake	Distichlis_spicata	OR	US	male	-123.95	45.27
sandlake-male-15	Sandlake	Distichlis_spicata	OR	US	male	-123.95	45.27
sandlake-male-16	Sandlake	Distichlis_spicata	OR	US	male	-123.95	45.27
sandlake-male-17	Sandlake	Distichlis_spicata	OR	US	male	-123.95	45.27
sandlake-male-18	Sandlake	Distichlis_spicata	OR	US	male	-123.95	45.27
sandlake-male-19	Sandlake	Distichlis_spicata	OR	US	male	-123.95	45.27
sandlake-male-20	Sandlake	Distichlis_spicata	OR	US	male	-123.95	45.27
sandlake-male-21	Sandlake	Distichlis_spicata	OR	US	male	-123.95	45.27
sandlake-male-22	Sandlake	Distichlis_spicata	OR	US	male	-123.95	45.27
sandlake-male-23	Sandlake	Distichlis_spicata	OR	US	male	-123.95	45.27
sandlake-male-24	Sandlake	Distichlis_spicata	OR	US	male	-123.95	45.27
sandlake-male-25	Sandlake	Distichlis_spicata	OR	US	male	-123.95	45.27
Tom-A	Tom	Distichlis_spicata	NM	US	unknown	-107.4	32.9
Tom-DD-p1	Tom	Distichlis_spicata	NM	US	unknown	-107.4	32.5
Tom-EE-p2	Tom	Distichlis_spicata	NM	US	unknown	-107.4	32.5
Tom-I-p3	Tom	Distichlis_spicata	NM	US	unknown	-107.4	32.9
Tom-T-p2	Tom	Distichlis_spicata	NM	US	unknown	-107.4	32.5
Tom-V-p3	Tom	Distichlis_spicata	NM	US	unknown	-107.4	32.5
Tom-X-p3	Tom	Distichlis_spicata	NM	US	unknown	-107.4	32.5
W6-48549-001	W6-48549	Distichlis_spicata	CA	US	unknown	-122.17088	39.42205
W6-48549-002	W6-48549	Distichlis_spicata	CA	US	unknown	-122.17088	39.42205
W6-48549-003	W6-48549	Distichlis_spicata	CA	US	unknown	-122.17088	39.42205
W6-48549-004	W6-48549	Distichlis_spicata	CA	US	unknown	-122.17088	39.42205
W6-48549-005	W6-48549	Distichlis_spicata	CA	US	unknown	-122.17088	39.42205
W6-48549-006	W6-48549	Distichlis_spicata	CA	US	unknown	-122.17088	39.42205
W6-48549-007	W6-48549	Distichlis_spicata	CA	US	unknown	-122.17088	39.42205
W6-48549-101	W6-48549	Distichlis_spicata	CA	US	unknown	-122.17088	39.42205
W6-48549-102	W6-48549	Distichlis_spicata	CA	US	unknown	-122.17088	39.42205
W6-48549-103	W6-48549	Distichlis_spicata	CA	US	unknown	-122.17088	39.42205
W6-48549-104	W6-48549	Distichlis_spicata	CA	US	unknown	-122.17088	39.42205
W6-48549-105	W6-48549	Distichlis_spicata	CA	US	unknown	-122.17088	39.42205
W6-48549-106	W6-48549	Distichlis_spicata	CA	US	unknown	-122.17088	39.42205
W6-48549-107	W6-48549	Distichlis_spicata	CA	US	unknown	-122.17088	39.42205
W6-48549-108	W6-48549	Distichlis_spicata	CA	US	unknown	-122.17088	39.42205
W6-48549-109	W6-48549	Distichlis_spicata	CA	US	unknown	-122.17088	39.42205
W6-48549-110	W6-48549	Distichlis_spicata	CA	US	unknown	-122.17088	39.42205
W6-48549-111	W6-48549	Distichlis_spicata	CA	US	unknown	-122.17088	39.42205
W6-48549-112	W6-48549	Distichlis_spicata	CA	US	unknown	-122.17088	39.42205
W6-48549-113	W6-48549	Distichlis_spicata	CA	US	unknown	-122.17088	39.42205
W6-48549-114	W6-48549	Distichlis_spicata	CA	US	unknown	-122.17088	39.42205
W6-48549-115	W6-48549	Distichlis_spicata	CA	US	unknown	-122.17088	39.42205
W6-48549-116	W6-48549	Distichlis_spicata	CA	US	unknown	-122.17088	39.42205
W6-48549-117	W6-48549	Distichlis_spicata	CA	US	unknown	-122.17088	39.42205
W6-48549-118	W6-48549	Distichlis_spicata	CA	US	unknown	-122.17088	39.42205
W6-48549-119	W6-48549	Distichlis_spicata	CA	US	unknown	-122.17088	39.42205
W6-48549-120	W6-48549	Distichlis_spicata	CA	US	unknown	-122.17088	39.42205
W6-48549-121	W6-48549	Distichlis_spicata	CA	US	unknown	-122.17088	39.42205
W6-48549-122	W6-48549	Distichlis_spicata	CA	US	unknown	-122.17088	39.42205
W6-48549-123	W6-48549	Distichlis_spicata	CA	US	unknown	-122.17088	39.42205
W6-48549-124	W6-48549	Distichlis_spicata	CA	US	unknown	-122.17088	39.42205
W6-48549-125	W6-48549	Distichlis_spicata	CA	US	unknown	-122.17088	39.42205
W6-48549-126	W6-48549	Distichlis_spicata	CA	US	unknown	-122.17088	39.42205
W6-48549-127	W6-48549	Distichlis_spicata	CA	US	unknown	-122.17088	39.42205
W6-48549-128	W6-48549	Distichlis_spicata	CA	US	unknown	-122.17088	39.42205
W6-48549-129	W6-48549	Distichlis_spicata	CA	US	unknown	-122.17088	39.42205
W6-48549-130	W6-48549	Distichlis_spicata	CA	US	unknown	-122.17088	39.42205
W6-48549-131	W6-48549	Distichlis_spicata	CA	US	unknown	-122.17088	39.42205
W6-48549-132	W6-48549	Distichlis_spicata	CA	US	unknown	-122.17088	39.42205
W6-48549-133	W6-48549	Distichlis_spicata	CA	US	unknown	-122.17088	39.42205
W6-48549-134	W6-48549	Distichlis_spicata	CA	US	unknown	-122.17088	39.42205
W6-48549-135	W6-48549	Distichlis_spicata	CA	US	unknown	-122.17088	39.42205
W6-48549-136	W6-48549	Distichlis_spicata	CA	US	unknown	-122.17088	39.42205
W6-48549-137	W6-48549	Distichlis_spicata	CA	US	unknown	-122.17088	39.42205
W6-48549-138	W6-48549	Distichlis_spicata	CA	US	unknown	-122.17088	39.42205
W6-48549-139	W6-48549	Distichlis_spicata	CA	US	unknown	-122.17088	39.42205
W6-48549-140	W6-48549	Distichlis_spicata	CA	US	unknown	-122.17088	39.42205
W6-48549-141	W6-48549	Distichlis_spicata	CA	US	unknown	-122.17088	39.42205
W6-48549-142	W6-48549	Distichlis_spicata	CA	US	unknown	-122.17088	39.42205
W6-48549-143	W6-48549	Distichlis_spicata	CA	US	unknown	-122.17088	39.42205
W6-48549-144	W6-48549	Distichlis_spicata	CA	US	unknown	-122.17088	39.42205
W6-48549-145	W6-48549	Distichlis_spicata	CA	US	unknown	-122.17088	39.42205
W6-48549-146	W6-48549	Distichlis_spicata	CA	US	unknown	-122.17088	39.42205
W6-52766-001	W6-52766	Distichlis_spicata	NV	US	unknown	-118.06632	39.79497
W6-52766-002	W6-52766	Distichlis_spicata	NV	US	unknown	-118.06632	39.79497
W6-52766-003	W6-52766	Distichlis_spicata	NV	US	unknown	-118.06632	39.79497
W6-52766-004	W6-52766	Distichlis_spicata	NV	US	unknown	-118.06632	39.79497
W6-52766-005	W6-52766	Distichlis_spicata	NV	US	unknown	-118.06632	39.79497
W6-52766-006	W6-52766	Distichlis_spicata	NV	US	unknown	-118.06632	39.79497
W6-52766-007	W6-52766	Distichlis_spicata	NV	US	unknown	-118.06632	39.79497
W6-52766-008	W6-52766	Distichlis_spicata	NV	US	unknown	-118.06632	39.79497
W6-52766-009	W6-52766	Distichlis_spicata	NV	US	unknown	-118.06632	39.79497
W6-52766-010	W6-52766	Distichlis_spicata	NV	US	unknown	-118.06632	39.79497
W6-52766-011	W6-52766	Distichlis_spicata	NV	US	unknown	-118.06632	39.79497
W6-52766-012	W6-52766	Distichlis_spicata	NV	US	unknown	-118.06632	39.79497
W6-52766-013	W6-52766	Distichlis_spicata	NV	US	unknown	-118.06632	39.79497
W6-52766-014	W6-52766	Distichlis_spicata	NV	US	unknown	-118.06632	39.79497
W6-52766-015	W6-52766	Distichlis_spicata	NV	US	unknown	-118.06632	39.79497
W6-52766-016	W6-52766	Distichlis_spicata	NV	US	unknown	-118.06632	39.79497
W6-52901-001	W6-52901	Distichlis_spicata	NJ	US	unknown	-75.25436	39.32719
W6-52901-002	W6-52901	Distichlis_spicata	NJ	US	unknown	-75.25436	39.32719
W6-52901-003	W6-52901	Distichlis_spicata	NJ	US	unknown	-75.25436	39.32719
W6-52901-004	W6-52901	Distichlis_spicata	NJ	US	unknown	-75.25436	39.32719
W6-52901-005	W6-52901	Distichlis_spicata	NJ	US	unknown	-75.25436	39.32719
W6-52901-006	W6-52901	Distichlis_spicata	NJ	US	unknown	-75.25436	39.32719
W6-52901-007	W6-52901	Distichlis_spicata	NJ	US	unknown	-75.25436	39.32719
W6-52901-101	W6-52901	Distichlis_spicata	NJ	US	unknown	-75.25436	39.32719
W6-52901-104	W6-52901	Distichlis_spicata	NJ	US	unknown	-75.25436	39.32719
W6-52901-105	W6-52901	Distichlis_spicata	NJ	US	unknown	-75.25436	39.32719
W6-52901-106	W6-52901	Distichlis_spicata	NJ	US	unknown	-75.25436	39.32719
W6-52901-113	W6-52901	Distichlis_spicata	NJ	US	unknown	-75.25436	39.32719
W6-52901-114	W6-52901	Distichlis_spicata	NJ	US	unknown	-75.25436	39.32719
W6-52901-115	W6-52901	Distichlis_spicata	NJ	US	unknown	-75.25436	39.32719
W6-52901-116	W6-52901	Distichlis_spicata	NJ	US	unknown	-75.25436	39.32719
W6-52901-118	W6-52901	Distichlis_spicata	NJ	US	unknown	-75.25436	39.32719
W6-54695-001	W6-54695	Distichlis_spicata	VA	US	unknown	-75.95461	37.12916
W6-54695-002	W6-54695	Distichlis_spicata	VA	US	unknown	-75.95461	37.12916
W6-54695-003	W6-54695	Distichlis_spicata	VA	US	unknown	-75.95461	37.12916
W6-54695-004	W6-54695	Distichlis_spicata	VA	US	unknown	-75.95461	37.12916
W6-54695-005	W6-54695	Distichlis_spicata	VA	US	unknown	-75.95461	37.12916
W6-54695-006	W6-54695	Distichlis_spicata	VA	US	unknown	-75.95461	37.12916
W6-54695-007	W6-54695	Distichlis_spicata	VA	US	unknown	-75.95461	37.12916
W6-54695-008	W6-54695	Distichlis_spicata	VA	US	unknown	-75.95461	37.12916
W6-54695-009	W6-54695	Distichlis_spicata	VA	US	unknown	-75.95461	37.12916
W6-54695-010	W6-54695	Distichlis_spicata	VA	US	unknown	-75.95461	37.12916
W6-54695-101	W6-54695	Distichlis_spicata	VA	US	unknown	-75.95461	37.12916
W6-54695-102	W6-54695	Distichlis_spicata	VA	US	unknown	-75.95461	37.12916
W6-54695-103	W6-54695	Distichlis_spicata	VA	US	unknown	-75.95461	37.12916
W6-54695-104	W6-54695	Distichlis_spicata	VA	US	unknown	-75.95461	37.12916
W6-54695-105	W6-54695	Distichlis_spicata	VA	US	unknown	-75.95461	37.12916
W6-54695-106	W6-54695	Distichlis_spicata	VA	US	unknown	-75.95461	37.12916
W6-54695-107	W6-54695	Distichlis_spicata	VA	US	unknown	-75.95461	37.12916
W6-54695-108	W6-54695	Distichlis_spicata	VA	US	unknown	-75.95461	37.12916
W6-54695-109	W6-54695	Distichlis_spicata	VA	US	unknown	-75.95461	37.12916
W6-54695-110	W6-54695	Distichlis_spicata	VA	US	unknown	-75.95461	37.12916
W6-54695-111	W6-54695	Distichlis_spicata	VA	US	unknown	-75.95461	37.12916
W6-54695-112	W6-54695	Distichlis_spicata	VA	US	unknown	-75.95461	37.12916
W6-54695-113	W6-54695	Distichlis_spicata	VA	US	unknown	-75.95461	37.12916
W6-54695-114	W6-54695	Distichlis_spicata	VA	US	unknown	-75.95461	37.12916
W6-54695-115	W6-54695	Distichlis_spicata	VA	US	unknown	-75.95461	37.12916
W6-54695-116	W6-54695	Distichlis_spicata	VA	US	unknown	-75.95461	37.12916
W6-54695-117	W6-54695	Distichlis_spicata	VA	US	unknown	-75.95461	37.12916
W6-54695-118	W6-54695	Distichlis_spicata	VA	US	unknown	-75.95461	37.12916
W6-54695-119	W6-54695	Distichlis_spicata	VA	US	unknown	-75.95461	37.12916
W6-54695-120	W6-54695	Distichlis_spicata	VA	US	unknown	-75.95461	37.12916
W6-54695-121	W6-54695	Distichlis_spicata	VA	US	unknown	-75.95461	37.12916
W6-54695-122	W6-54695	Distichlis_spicata	VA	US	unknown	-75.95461	37.12916
W6-54695-123	W6-54695	Distichlis_spicata	VA	US	unknown	-75.95461	37.12916
W6-54695-124	W6-54695	Distichlis_spicata	VA	US	unknown	-75.95461	37.12916
W6-54695-125	W6-54695	Distichlis_spicata	VA	US	unknown	-75.95461	37.12916
W6-54695-126	W6-54695	Distichlis_spicata	VA	US	unknown	-75.95461	37.12916
W6-54695-127	W6-54695	Distichlis_spicata	VA	US	unknown	-75.95461	37.12916
W6-54695-128	W6-54695	Distichlis_spicata	VA	US	unknown	-75.95461	37.12916
W6-54695-129	W6-54695	Distichlis_spicata	VA	US	unknown	-75.95461	37.12916
W6-54695-130	W6-54695	Distichlis_spicata	VA	US	unknown	-75.95461	37.12916
W6-54695-131	W6-54695	Distichlis_spicata	VA	US	unknown	-75.95461	37.12916
W6-54695-132	W6-54695	Distichlis_spicata	VA	US	unknown	-75.95461	37.12916
W6-54695-133	W6-54695	Distichlis_spicata	VA	US	unknown	-75.95461	37.12916
W6-54695-134	W6-54695	Distichlis_spicata	VA	US	unknown	-75.95461	37.12916
W6-54695-135	W6-54695	Distichlis_spicata	VA	US	unknown	-75.95461	37.12916
W6-54695-136	W6-54695	Distichlis_spicata	VA	US	unknown	-75.95461	37.12916
W6-54695-137	W6-54695	Distichlis_spicata	VA	US	unknown	-75.95461	37.12916
W6-54695-138	W6-54695	Distichlis_spicata	VA	US	unknown	-75.95461	37.12916
W6-54695-139	W6-54695	Distichlis_spicata	VA	US	unknown	-75.95461	37.12916
W6-54695-140	W6-54695	Distichlis_spicata	VA	US	unknown	-75.95461	37.12916
W6-54695-141	W6-54695	Distichlis_spicata	VA	US	unknown	-75.95461	37.12916
W6-54702-001	W6-54702	Distichlis_spicata	VA	US	unknown	-75.32894	37.92725
W6-54702-002	W6-54702	Distichlis_spicata	VA	US	unknown	-75.32894	37.92725
W6-54702-003	W6-54702	Distichlis_spicata	VA	US	unknown	-75.32894	37.92725
W6-54702-004	W6-54702	Distichlis_spicata	VA	US	unknown	-75.32894	37.92725
W6-54702-005	W6-54702	Distichlis_spicata	VA	US	unknown	-75.32894	37.92725
W6-54702-006	W6-54702	Distichlis_spicata	VA	US	unknown	-75.32894	37.92725
W6-54702-007	W6-54702	Distichlis_spicata	VA	US	unknown	-75.32894	37.92725
W6-54702-008	W6-54702	Distichlis_spicata	VA	US	unknown	-75.32894	37.92725
W6-54702-009	W6-54702	Distichlis_spicata	VA	US	unknown	-75.32894	37.92725
W6-54702-010	W6-54702	Distichlis_spicata	VA	US	unknown	-75.32894	37.92725
W6-54702-011	W6-54702	Distichlis_spicata	VA	US	unknown	-75.32894	37.92725
W6-54702-114	W6-54702	Distichlis_spicata	VA	US	unknown	-75.32894	37.92725
W6-54702-118	W6-54702	Distichlis_spicata	VA	US	unknown	-75.32894	37.92725
W6-54702-128	W6-54702	Distichlis_spicata	VA	US	unknown	-75.32894	37.92725
W6-54750-001	W6-54750	Distichlis_spicata	VA	US	unknown	-76.59886	37.77452
W6-54750-002	W6-54750	Distichlis_spicata	VA	US	unknown	-76.59886	37.77452
W6-54750-003	W6-54750	Distichlis_spicata	VA	US	unknown	-76.59886	37.77452
W6-54750-004	W6-54750	Distichlis_spicata	VA	US	unknown	-76.59886	37.77452
W6-54750-005	W6-54750	Distichlis_spicata	VA	US	unknown	-76.59886	37.77452
W6-54750-006	W6-54750	Distichlis_spicata	VA	US	unknown	-76.59886	37.77452
W6-54750-007	W6-54750	Distichlis_spicata	VA	US	unknown	-76.59886	37.77452
W6-54750-008	W6-54750	Distichlis_spicata	VA	US	unknown	-76.59886	37.77452
W6-54750-009	W6-54750	Distichlis_spicata	VA	US	unknown	-76.59886	37.77452
W6-54750-010	W6-54750	Distichlis_spicata	VA	US	unknown	-76.59886	37.77452
W6-54757-001	W6-54757	Distichlis_spicata	VA	US	unknown	-75.83363	37.46934
W6-54757-002	W6-54757	Distichlis_spicata	VA	US	unknown	-75.83363	37.46934
W6-54757-003	W6-54757	Distichlis_spicata	VA	US	unknown	-75.83363	37.46934
W6-54757-004	W6-54757	Distichlis_spicata	VA	US	unknown	-75.83363	37.46934
W6-54757-005	W6-54757	Distichlis_spicata	VA	US	unknown	-75.83363	37.46934
W6-54757-006	W6-54757	Distichlis_spicata	VA	US	unknown	-75.83363	37.46934
W6-54757-007	W6-54757	Distichlis_spicata	VA	US	unknown	-75.83363	37.46934
W6-54757-008	W6-54757	Distichlis_spicata	VA	US	unknown	-75.83363	37.46934
W6-54757-009	W6-54757	Distichlis_spicata	VA	US	unknown	-75.83363	37.46934
W6-54757-101	W6-54757	Distichlis_spicata	VA	US	unknown	-75.83363	37.46934
W6-54757-102	W6-54757	Distichlis_spicata	VA	US	unknown	-75.83363	37.46934
W6-54757-103	W6-54757	Distichlis_spicata	VA	US	unknown	-75.83363	37.46934
W6-54757-104	W6-54757	Distichlis_spicata	VA	US	unknown	-75.83363	37.46934
W6-54757-105	W6-54757	Distichlis_spicata	VA	US	unknown	-75.83363	37.46934
W6-54757-106	W6-54757	Distichlis_spicata	VA	US	unknown	-75.83363	37.46934
W6-54758-101	W6-54758	Distichlis_spicata	MD	US	unknown	-76.32677	38.051
W6-54758-102	W6-54758	Distichlis_spicata	MD	US	unknown	-76.32677	38.051
W6-54758-103	W6-54758	Distichlis_spicata	MD	US	unknown	-76.32677	38.051
W6-54758-104	W6-54758	Distichlis_spicata	MD	US	unknown	-76.32677	38.051
W6-54758-105	W6-54758	Distichlis_spicata	MD	US	unknown	-76.32677	38.051
W6-54758-106	W6-54758	Distichlis_spicata	MD	US	unknown	-76.32677	38.051
W6-54758-107	W6-54758	Distichlis_spicata	MD	US	unknown	-76.32677	38.051
W6-54758-108	W6-54758	Distichlis_spicata	MD	US	unknown	-76.32677	38.051
W6-54758-109	W6-54758	Distichlis_spicata	MD	US	unknown	-76.32677	38.051
W6-54758-110	W6-54758	Distichlis_spicata	MD	US	unknown	-76.32677	38.051
W6-54758-111	W6-54758	Distichlis_spicata	MD	US	unknown	-76.32677	38.051
W6-54758-112	W6-54758	Distichlis_spicata	MD	US	unknown	-76.32677	38.051
W6-54758-113	W6-54758	Distichlis_spicata	MD	US	unknown	-76.32677	38.051
W6-54758-114	W6-54758	Distichlis_spicata	MD	US	unknown	-76.32677	38.051
W6-54758-115	W6-54758	Distichlis_spicata	MD	US	unknown	-76.32677	38.051
W6-54758-116	W6-54758	Distichlis_spicata	MD	US	unknown	-76.32677	38.051
W6-54758-117	W6-54758	Distichlis_spicata	MD	US	unknown	-76.32677	38.051
W6-54758-118	W6-54758	Distichlis_spicata	MD	US	unknown	-76.32677	38.051
W6-54758-119	W6-54758	Distichlis_spicata	MD	US	unknown	-76.32677	38.051
W6-54758-120	W6-54758	Distichlis_spicata	MD	US	unknown	-76.32677	38.051
W6-54758-121	W6-54758	Distichlis_spicata	MD	US	unknown	-76.32677	38.051
W6-54758-122	W6-54758	Distichlis_spicata	MD	US	unknown	-76.32677	38.051
W6-54758-123	W6-54758	Distichlis_spicata	MD	US	unknown	-76.32677	38.051
W6-54758-124	W6-54758	Distichlis_spicata	MD	US	unknown	-76.32677	38.051
W6-54758-125	W6-54758	Distichlis_spicata	MD	US	unknown	-76.32677	38.051
W6-54758-126	W6-54758	Distichlis_spicata	MD	US	unknown	-76.32677	38.051
W6-54758-127	W6-54758	Distichlis_spicata	MD	US	unknown	-76.32677	38.051
W6-54758-128	W6-54758	Distichlis_spicata	MD	US	unknown	-76.32677	38.051
W6-54758-129	W6-54758	Distichlis_spicata	MD	US	unknown	-76.32677	38.051
W6-54758-130	W6-54758	Distichlis_spicata	MD	US	unknown	-76.32677	38.051
W6-54758-131	W6-54758	Distichlis_spicata	MD	US	unknown	-76.32677	38.051
W6-54758-132	W6-54758	Distichlis_spicata	MD	US	unknown	-76.32677	38.051
W6-54762-001	W6-54762	Distichlis_spicata	VA	US	unknown	-76.23452	38.95283
W6-54762-002	W6-54762	Distichlis_spicata	VA	US	unknown	-76.23452	38.95283
W6-54762-003	W6-54762	Distichlis_spicata	VA	US	unknown	-76.23452	38.95283
W6-54762-004	W6-54762	Distichlis_spicata	VA	US	unknown	-76.23452	38.95283
W6-54762-005	W6-54762	Distichlis_spicata	VA	US	unknown	-76.23452	38.95283
W6-54762-006	W6-54762	Distichlis_spicata	VA	US	unknown	-76.23452	38.95283
W6-54762-007	W6-54762	Distichlis_spicata	VA	US	unknown	-76.23452	38.95283
W6-54762-101	W6-54762	Distichlis_spicata	MD	US	unknown	-76.23452	38.95283
W6-54762-102	W6-54762	Distichlis_spicata	MD	US	unknown	-76.23452	38.95283
W6-54762-103	W6-54762	Distichlis_spicata	MD	US	unknown	-76.23452	38.95283
W6-54773-001	W6-54773	Distichlis_spicata	VA	US	unknown	-76.71487	37.41562
W6-54773-002	W6-54773	Distichlis_spicata	VA	US	unknown	-76.71487	37.41562
W6-54773-003	W6-54773	Distichlis_spicata	VA	US	unknown	-76.71487	37.41562
W6-54773-004	W6-54773	Distichlis_spicata	VA	US	unknown	-76.71487	37.41562
W6-54773-005	W6-54773	Distichlis_spicata	VA	US	unknown	-76.71487	37.41562
W6-54773-006	W6-54773	Distichlis_spicata	VA	US	unknown	-76.71487	37.41562
W6-54773-007	W6-54773	Distichlis_spicata	VA	US	unknown	-76.71487	37.41562
W6-54773-101	W6-54773	Distichlis_spicata	VA	US	unknown	-76.71487	37.41562
W6-54773-102	W6-54773	Distichlis_spicata	VA	US	unknown	-76.71487	37.41562
W6-54773-103	W6-54773	Distichlis_spicata	VA	US	unknown	-76.71487	37.41562
W6-54773-104	W6-54773	Distichlis_spicata	VA	US	unknown	-76.71487	37.41562
W6-54773-105	W6-54773	Distichlis_spicata	VA	US	unknown	-76.71487	37.41562
W6-54773-106	W6-54773	Distichlis_spicata	VA	US	unknown	-76.71487	37.41562
W6-54773-107	W6-54773	Distichlis_spicata	VA	US	unknown	-76.71487	37.41562
W6-54773-108	W6-54773	Distichlis_spicata	VA	US	unknown	-76.71487	37.41562
W6-54773-109	W6-54773	Distichlis_spicata	VA	US	unknown	-76.71487	37.41562
W6-57276-001	W6-57276	Distichlis_spicata	NY	US	unknown	-72.28425	41.12266
W6-57276-002	W6-57276	Distichlis_spicata	NY	US	unknown	-72.28425	41.12266
W6-57276-003	W6-57276	Distichlis_spicata	NY	US	unknown	-72.28425	41.12266
W6-57276-101	W6-57276	Distichlis_spicata	NY	US	unknown	-72.28425	41.12266
W6-57276-102	W6-57276	Distichlis_spicata	NY	US	unknown	-72.28425	41.12266
W6-57276-103	W6-57276	Distichlis_spicata	NY	US	unknown	-72.28425	41.12266
W6-57276-104	W6-57276	Distichlis_spicata	NY	US	unknown	-72.28425	41.12266
W6-57276-105	W6-57276	Distichlis_spicata	NY	US	unknown	-72.28425	41.12266
W6-57276-106	W6-57276	Distichlis_spicata	NY	US	unknown	-72.28425	41.12266
W6-57276-107	W6-57276	Distichlis_spicata	NY	US	unknown	-72.28425	41.12266
W6-57276-108	W6-57276	Distichlis_spicata	NY	US	unknown	-72.28425	41.12266
W6-57277-001	W6-57277	Distichlis_spicata	NY	US	unknown	-72.85702	40.9638
W6-57277-002	W6-57277	Distichlis_spicata	NY	US	unknown	-72.85702	40.9638
W6-57277-003	W6-57277	Distichlis_spicata	NY	US	unknown	-72.85702	40.9638
W6-57277-004	W6-57277	Distichlis_spicata	NY	US	unknown	-72.85702	40.9638
W6-57277-005	W6-57277	Distichlis_spicata	NY	US	unknown	-72.85702	40.9638
W6-57277-006	W6-57277	Distichlis_spicata	NY	US	unknown	-72.85702	40.9638
W6-57277-008	W6-57277	Distichlis_spicata	NY	US	unknown	-72.85702	40.9638
W6-57277-009	W6-57277	Distichlis_spicata	NY	US	unknown	-72.85702	40.9638
W6-57277-010	W6-57277	Distichlis_spicata	NY	US	unknown	-72.85702	40.9638
W6-57277-011	W6-57277	Distichlis_spicata	NY	US	unknown	-72.85702	40.9638
W6-57277-012	W6-57277	Distichlis_spicata	NY	US	unknown	-72.85702	40.9638
W6-57277-101	W6-57277	Distichlis_spicata	NY	US	unknown	-72.85702	40.9638
W6-57277-102	W6-57277	Distichlis_spicata	NY	US	unknown	-72.85702	40.9638
W6-57277-103	W6-57277	Distichlis_spicata	NY	US	unknown	-72.85702	40.9638
W6-57277-104	W6-57277	Distichlis_spicata	NY	US	unknown	-72.85702	40.9638
W6-57277-105	W6-57277	Distichlis_spicata	NY	US	unknown	-72.85702	40.9638
W6-57277-106	W6-57277	Distichlis_spicata	NY	US	unknown	-72.85702	40.9638
W6-57277-107	W6-57277	Distichlis_spicata	NY	US	unknown	-72.85702	40.9638
W6-57277-108	W6-57277	Distichlis_spicata	NY	US	unknown	-72.85702	40.9638
W6-57277-109	W6-57277	Distichlis_spicata	NY	US	unknown	-72.85702	40.9638
W6-57277-110	W6-57277	Distichlis_spicata	NY	US	unknown	-72.85702	40.9638
W6-57277-111	W6-57277	Distichlis_spicata	NY	US	unknown	-72.85702	40.9638
W6-57277-112	W6-57277	Distichlis_spicata	NY	US	unknown	-72.85702	40.9638
W6-57277-113	W6-57277	Distichlis_spicata	NY	US	unknown	-72.85702	40.9638
W6-57277-114	W6-57277	Distichlis_spicata	NY	US	unknown	-72.85702	40.9638
W6-57277-115	W6-57277	Distichlis_spicata	NY	US	unknown	-72.85702	40.9638
W6-57285-001	W6-57285	Distichlis_spicata	NJ	US	unknown	-75.02756	39.19603
W6-57285-101	W6-57285	Distichlis_spicata	NJ	US	unknown	-75.02756	39.19603
W6-57295-001	W6-57295	Distichlis_spicata	DE	US	unknown	-75.45155	39.21836
W6-57295-002	W6-57295	Distichlis_spicata	DE	US	unknown	-75.45155	39.21836
W6-57295-003	W6-57295	Distichlis_spicata	DE	US	unknown	-75.45155	39.21836
W6-57295-004	W6-57295	Distichlis_spicata	DE	US	unknown	-75.45155	39.21836
W6-57295-005	W6-57295	Distichlis_spicata	DE	US	unknown	-75.45155	39.21836
W6-57295-006	W6-57295	Distichlis_spicata	DE	US	unknown	-75.45155	39.21836
W6-57300-001	W6-57300	Distichlis_spicata	NY	US	unknown	-73.48291	40.94269
W6-57300-002	W6-57300	Distichlis_spicata	NY	US	unknown	-73.48291	40.94269
W6-57300-003	W6-57300	Distichlis_spicata	NY	US	unknown	-73.48291	40.94269
W6-57300-004	W6-57300	Distichlis_spicata	NY	US	unknown	-73.48291	40.94269
W6-57300-005	W6-57300	Distichlis_spicata	NY	US	unknown	-73.48291	40.94269
W6-57300-006	W6-57300	Distichlis_spicata	NY	US	unknown	-73.48291	40.94269
W6-57300-101	W6-57300	Distichlis_spicata	NY	US	unknown	-73.48291	40.94269
W6-57300-102	W6-57300	Distichlis_spicata	NY	US	unknown	-73.48291	40.94269
W6-57300-103	W6-57300	Distichlis_spicata	NY	US	unknown	-73.48291	40.94269
W6-57300-104	W6-57300	Distichlis_spicata	NY	US	unknown	-73.48291	40.94269
W6-57300-105	W6-57300	Distichlis_spicata	NY	US	unknown	-73.48291	40.94269
W6-57300-106	W6-57300	Distichlis_spicata	NY	US	unknown	-73.48291	40.94269
W6-57300-107	W6-57300	Distichlis_spicata	NY	US	unknown	-73.48291	40.94269
W6-57300-108	W6-57300	Distichlis_spicata	NY	US	unknown	-73.48291	40.94269
W6-57300-109	W6-57300	Distichlis_spicata	NY	US	unknown	-73.48291	40.94269
W6-57300-110	W6-57300	Distichlis_spicata	NY	US	unknown	-73.48291	40.94269
W6-57300-111	W6-57300	Distichlis_spicata	NY	US	unknown	-73.48291	40.94269
W6-57300-112	W6-57300	Distichlis_spicata	NY	US	unknown	-73.48291	40.94269
W6-57300-113	W6-57300	Distichlis_spicata	NY	US	unknown	-73.48291	40.94269
W6-57300-114	W6-57300	Distichlis_spicata	NY	US	unknown	-73.48291	40.94269
W6-57300-115	W6-57300	Distichlis_spicata	NY	US	unknown	-73.48291	40.94269
W6-57300-116	W6-57300	Distichlis_spicata	NY	US	unknown	-73.48291	40.94269
W6-57300-117	W6-57300	Distichlis_spicata	NY	US	unknown	-73.48291	40.94269
W6-57376-004	W6-57376	Distichlis_spicata	NY	US	unknown	-73.48291	40.94269
W6-57376-005	W6-57376	Distichlis_spicata	NY	US	unknown	-73.48291	40.94269
W6-60242-001	W6-60242	Distichlis_spicata	CT	US	unknown	NA	NA
W6-60242-002	W6-60242	Distichlis_spicata	CT	US	unknown	NA	NA
W6-60242-003	W6-60242	Distichlis_spicata	CT	US	unknown	NA	NA
W6-60242-004	W6-60242	Distichlis_spicata	CT	US	unknown	NA	NA
W6-60242-005	W6-60242	Distichlis_spicata	CT	US	unknown	NA	NA
W6-60242-006	W6-60242	Distichlis_spicata	CT	US	unknown	NA	NA
W6-60242-007	W6-60242	Distichlis_spicata	CT	US	unknown	NA	NA
W6-60242-008	W6-60242	Distichlis_spicata	CT	US	unknown	NA	NA
W6-60242-009	W6-60242	Distichlis_spicata	CT	US	unknown	NA	NA
W6-60242-010	W6-60242	Distichlis_spicata	CT	US	unknown	NA	NA
W6-60242-011	W6-60242	Distichlis_spicata	CT	US	unknown	NA	NA
W6-60242-012	W6-60242	Distichlis_spicata	CT	US	unknown	NA	NA
W6-60242-013	W6-60242	Distichlis_spicata	CT	US	unknown	NA	NA
W6-60242-014	W6-60242	Distichlis_spicata	CT	US	unknown	NA	NA
W6-60242-015	W6-60242	Distichlis_spicata	CT	US	unknown	NA	NA
W6-60242-016	W6-60242	Distichlis_spicata	CT	US	unknown	NA	NA
W6-60242-017	W6-60242	Distichlis_spicata	CT	US	unknown	NA	NA
W6-60242-018	W6-60242	Distichlis_spicata	CT	US	unknown	NA	NA
W6-60242-019	W6-60242	Distichlis_spicata	CT	US	unknown	NA	NA
W6-60242-020	W6-60242	Distichlis_spicata	CT	US	unknown	NA	NA
W6-60242-021	W6-60242	Distichlis_spicata	CT	US	unknown	NA	NA
W6-60242-022	W6-60242	Distichlis_spicata	CT	US	unknown	NA	NA
W6-60242-023	W6-60242	Distichlis_spicata	CT	US	unknown	NA	NA
W6-60242-024	W6-60242	Distichlis_spicata	CT	US	unknown	NA	NA
Washoe-53	Washoe	Distichlis_spicata	NV	US	unknown	-119.7	40.4
Washoe-60	Washoe	Distichlis_spicata	NV	US	unknown	-119.7	40.4
carlos-22-001	carlos	Distichlis_spicata	SON	MX	unknown	-111.063401	27.955554
carlos-22-002	carlos	Distichlis_spicata	SON	MX	unknown	-111.063401	27.955554
carlos-22-003	carlos	Distichlis_spicata	SON	MX	unknown	-111.063401	27.955554
carlos-22-004	carlos	Distichlis_spicata	SON	MX	unknown	-111.063401	27.955554
carlos-22-005	carlos	Distichlis_spicata	SON	MX	unknown	-111.063401	27.955554
carlos-22-006	carlos	Distichlis_spicata	SON	MX	unknown	-111.063401	27.955554
carlos-22-007	carlos	Distichlis_spicata	SON	MX	unknown	-111.063401	27.955554
carlos-22-008	carlos	Distichlis_spicata	SON	MX	unknown	-111.063401	27.955554
carlos-22-009	carlos	Distichlis_spicata	SON	MX	unknown	-111.063401	27.955554
carlos-22-010	carlos	Distichlis_spicata	SON	MX	unknown	-111.063401	27.955554
gonzaga-22-033	gonzaga	Distichlis_spicata	BCA	MX	female	-114.397868	29.7939916
gonzaga-22-034	gonzaga	Distichlis_spicata	BCA	MX	female	-114.397868	29.7939916
gurley-23-001	gurley-23	Distichlis_spicata	KS	US	unknown	-98.149148	39.201337
gurley-23-002	gurley-23	Distichlis_spicata	KS	US	unknown	-98.149148	39.201337
gurley-23-003	gurley-23	Distichlis_spicata	KS	US	unknown	-98.149148	39.201337
gurley-23-004	gurley-23	Distichlis_spicata	KS	US	unknown	-98.149148	39.201337
gurley-23-005	gurley-23	Distichlis_spicata	KS	US	unknown	-98.149148	39.201337
gurley-23-006	gurley-23	Distichlis_spicata	KS	US	unknown	-98.149148	39.201337
gurley-23-007	gurley-23	Distichlis_spicata	KS	US	unknown	-98.149148	39.201337
gurley-23-008	gurley-23	Distichlis_spicata	KS	US	unknown	-98.149148	39.201337
gurley-23-009	gurley-23	Distichlis_spicata	KS	US	unknown	-98.149148	39.201337
saltgrass_C10	C10	Distichlis_stricta	CO	US	unknown	-104.6336917	38.22468611
cheyenne-23-165	Cheyenne	Distichlis_stricta	KS	US	unknown	-98.6163274	38.4498056
cheyenne-23-260	Cheyenne	Distichlis_stricta	KS	US	unknown	-98.6185121	38.4497454
cheyenne-23-360	Cheyenne	Distichlis_stricta	KS	US	unknown	-98.6185121	38.4497454
cheyenne-23-460	Cheyenne	Distichlis_stricta	KS	US	unknown	-98.6185121	38.4497454
cheyenne-23-465	Cheyenne	Distichlis_stricta	KS	US	unknown	-98.6163274	38.4498056
cheyenne-23-560	Cheyenne	Distichlis_stricta	KS	US	unknown	-98.6185121	38.4497454
cheyenne-23-660	Cheyenne	Distichlis_stricta	KS	US	unknown	-98.6185121	38.4497454
cheyenne-23-665	Cheyenne	Distichlis_stricta	KS	US	unknown	-98.6163274	38.4498056
JH05-057VC	Judy	Distichlis_stricta	CA	US	unknown	-120.2	40.2
JH05-083	Judy	Distichlis_stricta	CA	US	unknown	-120.2	40.2
JH05-084	Judy	Distichlis_stricta	CA	US	unknown	-120.2	40.2
JH05-088	Judy	Distichlis_stricta	CA	US	unknown	-120.2	40.2
JH05-154pA	Judy	Distichlis_stricta	CA	US	unknown	-120.2	40.2
JH05-157p	Judy	Distichlis_stricta	CA	US	unknown	-120.2	40.2
JH05-171p2	Judy	Distichlis_stricta	CA	US	unknown	-120.2	40.2
JH05-177p	Judy	Distichlis_stricta	CA	US	unknown	-120.2	40.2
JH05-181p2	Judy	Distichlis_stricta	CA	US	unknown	-120.5	41.8
Pawnee-100	Pawnee	Distichlis_stricta	CO	US	unknown	-104.687034	40.83513333
Pawnee-17	Pawnee	Distichlis_stricta	CO	US	unknown	-104.692484	40.8406
Pawnee-2	Pawnee	Distichlis_stricta	CO	US	unknown	-104.6897007	40.83928333
Pawnee-20	Pawnee	Distichlis_stricta	CO	US	unknown	-104.690384	40.8404
Pawnee-25	Pawnee	Distichlis_stricta	CO	US	unknown	-104.6919173	40.83955
Pawnee-30	Pawnee	Distichlis_stricta	CO	US	unknown	-104.6906507	40.83878333
Pawnee-32	Pawnee	Distichlis_stricta	CO	US	unknown	-104.691084	40.83646667
Pawnee-41	Pawnee	Distichlis_stricta	CO	US	unknown	-104.6909007	40.83411667
Pawnee-7	Pawnee	Distichlis_stricta	CO	US	unknown	-104.688884	40.83878333
Pawnee-85	Pawnee	Distichlis_stricta	CO	US	unknown	-104.688784	40.83573333
Pawnee-89	Pawnee	Distichlis_stricta	CO	US	unknown	-104.6882673	40.8367
Pawnee-90	Pawnee	Distichlis_stricta	CO	US	unknown	-104.6912507	40.83721667
Pawnee-94	Pawnee	Distichlis_stricta	CO	US	unknown	-104.686784	40.83888333
R112	Reid	Distichlis_stricta	WY	US	unknown	-105.977475	41.78479444
R114	Reid	Distichlis_stricta	WY	US	unknown	-105.9657861	41.78549167
R120	Reid	Distichlis_stricta	WY	US	unknown	-105.9195917	41.79868611
R125	Reid	Distichlis_stricta	CO	US	unknown	-105.8726833	38.98975
R142	Reid	Distichlis_stricta	CO	US	unknown	-105.8750167	38.98746667
R152	Reid	Distichlis_stricta	CO	US	unknown	-105.87395	38.99078333
R154	Reid	Distichlis_stricta	CO	US	unknown	-105.87195	38.99056667
R169	Reid	Distichlis_stricta	CO	US	unknown	-102.32115	40.06241667
saltgrass_10001B	S100	Distichlis_stricta	CA	US	unknown	NA	NA
saltgrass_10003A	S100	Distichlis_stricta	CA	US	unknown	NA	NA
saltgrass_10006B	S100	Distichlis_stricta	CA	US	unknown	NA	NA
saltgrass_10008A	S100	Distichlis_stricta	CA	US	unknown	NA	NA
saltgrass_10010A	S100	Distichlis_stricta	CA	US	unknown	NA	NA
saltgrass_9032694	S9032_stri	Distichlis_stricta	CA	US	unknown	-119.5259083	35.99988611
saltgrass_9032708	S9032_stri	Distichlis_stricta	CA	US	unknown	-118.5410639	34.42309722
Tom-P-p2	Tom_stri	Distichlis_stricta	NM	US	unknown	-107.3	34.7
W6-27715-001	W6-27715	Distichlis_stricta	CA	US	unknown	-120.1927778	40.21694444
W6-27715-002	W6-27715	Distichlis_stricta	CA	US	unknown	-120.1927778	40.21694444
W6-27715-003	W6-27715	Distichlis_stricta	CA	US	unknown	-120.1927778	40.21694444
W6-27715-004	W6-27715	Distichlis_stricta	CA	US	unknown	-120.1927778	40.21694444
W6-27715-005	W6-27715	Distichlis_stricta	CA	US	unknown	-120.1927778	40.21694444
W6-27715-006	W6-27715	Distichlis_stricta	CA	US	unknown	-120.1927778	40.21694444
W6-27715-007	W6-27715	Distichlis_stricta	CA	US	unknown	-120.1927778	40.21694444
W6-27715-008	W6-27715	Distichlis_stricta	CA	US	unknown	-120.1927778	40.21694444
W6-27715-009	W6-27715	Distichlis_stricta	CA	US	unknown	-120.1927778	40.21694444
W6-27715-104	W6-27715	Distichlis_stricta	CA	US	unknown	-120.1927778	40.21694444
W6-27715-105	W6-27715	Distichlis_stricta	CA	US	unknown	-120.1927778	40.21694444
W6-27715-106	W6-27715	Distichlis_stricta	CA	US	unknown	-120.1927778	40.21694444
W6-27715-107	W6-27715	Distichlis_stricta	CA	US	unknown	-120.1927778	40.21694444
W6-27715-108	W6-27715	Distichlis_stricta	CA	US	unknown	-120.1927778	40.21694444
W6-27715-109	W6-27715	Distichlis_stricta	CA	US	unknown	-120.1927778	40.21694444
W6-27715-110	W6-27715	Distichlis_stricta	CA	US	unknown	-120.1927778	40.21694444
W6-27715-111	W6-27715	Distichlis_stricta	CA	US	unknown	-120.1927778	40.21694444
W6-27715-112	W6-27715	Distichlis_stricta	CA	US	unknown	-120.1927778	40.21694444
W6-27715-113	W6-27715	Distichlis_stricta	CA	US	unknown	-120.1927778	40.21694444
W6-27715-114	W6-27715	Distichlis_stricta	CA	US	unknown	-120.1927778	40.21694444
W6-27715-115	W6-27715	Distichlis_stricta	CA	US	unknown	-120.1927778	40.21694444
W6-27715-116	W6-27715	Distichlis_stricta	CA	US	unknown	-120.1927778	40.21694444
W6-27715-117	W6-27715	Distichlis_stricta	CA	US	unknown	-120.1927778	40.21694444
W6-27715-118	W6-27715	Distichlis_stricta	CA	US	unknown	-120.1927778	40.21694444
W6-27715-119	W6-27715	Distichlis_stricta	CA	US	unknown	-120.1927778	40.21694444
W6-36742-001	W6-36742	Distichlis_stricta	WY	US	unknown	-107.05722	42.51222
W6-36742-002	W6-36742	Distichlis_stricta	WY	US	unknown	-107.05722	42.51222
W6-36742-101	W6-36742	Distichlis_stricta	WY	US	unknown	-107.05722	42.51222
W6-48045-001	W6-48045	Distichlis_stricta	CA	US	unknown	-119.10847	37.98032
W6-48045-002	W6-48045	Distichlis_stricta	CA	US	unknown	-119.10847	37.98032
W6-48045-003	W6-48045	Distichlis_stricta	CA	US	unknown	-119.10847	37.98032
W6-48045-004	W6-48045	Distichlis_stricta	CA	US	unknown	-119.10847	37.98032
W6-48045-005	W6-48045	Distichlis_stricta	CA	US	unknown	-119.10847	37.98032
W6-48045-006	W6-48045	Distichlis_stricta	CA	US	unknown	-119.10847	37.98032
W6-50019-001	W6-50019	Distichlis_stricta	NV	US	unknown	-118.41921	39.28931
W6-50019-002	W6-50019	Distichlis_stricta	NV	US	unknown	-118.41921	39.28931
W6-50019-003	W6-50019	Distichlis_stricta	NV	US	unknown	-118.41921	39.28931
W6-50019-004	W6-50019	Distichlis_stricta	NV	US	unknown	-118.41921	39.28931
W6-50019-005	W6-50019	Distichlis_stricta	NV	US	unknown	-118.41921	39.28931
W6-50019-006	W6-50019	Distichlis_stricta	NV	US	unknown	-118.41921	39.28931
W6-50019-101	W6-50019	Distichlis_stricta	NV	US	unknown	-118.41921	39.28931
W6-50019-102	W6-50019	Distichlis_stricta	NV	US	unknown	-118.41921	39.28931
W6-50019-103	W6-50019	Distichlis_stricta	NV	US	unknown	-118.41921	39.28931
W6-50019-104	W6-50019	Distichlis_stricta	NV	US	unknown	-118.41921	39.28931
W6-50019-105	W6-50019	Distichlis_stricta	NV	US	unknown	-118.41921	39.28931
W6-50019-106	W6-50019	Distichlis_stricta	NV	US	unknown	-118.41921	39.28931
W6-50019-107	W6-50019	Distichlis_stricta	NV	US	unknown	-118.41921	39.28931
W6-50019-108	W6-50019	Distichlis_stricta	NV	US	unknown	-118.41921	39.28931
W6-50019-109	W6-50019	Distichlis_stricta	NV	US	unknown	-118.41921	39.28931
W6-50019-110	W6-50019	Distichlis_stricta	NV	US	unknown	-118.41921	39.28931
W6-50019-111	W6-50019	Distichlis_stricta	NV	US	unknown	-118.41921	39.28931
W6-50019-112	W6-50019	Distichlis_stricta	NV	US	unknown	-118.41921	39.28931
W6-50019-113	W6-50019	Distichlis_stricta	NV	US	unknown	-118.41921	39.28931
W6-50019-114	W6-50019	Distichlis_stricta	NV	US	unknown	-118.41921	39.28931
W6-50019-115	W6-50019	Distichlis_stricta	NV	US	unknown	-118.41921	39.28931
W6-50019-116	W6-50019	Distichlis_stricta	NV	US	unknown	-118.41921	39.28931
W6-50019-117	W6-50019	Distichlis_stricta	NV	US	unknown	-118.41921	39.28931
W6-50019-118	W6-50019	Distichlis_stricta	NV	US	unknown	-118.41921	39.28931
W6-50019-119	W6-50019	Distichlis_stricta	NV	US	unknown	-118.41921	39.28931
W6-50019-120	W6-50019	Distichlis_stricta	NV	US	unknown	-118.41921	39.28931
W6-50019-121	W6-50019	Distichlis_stricta	NV	US	unknown	-118.41921	39.28931
W6-50019-122	W6-50019	Distichlis_stricta	NV	US	unknown	-118.41921	39.28931
W6-50019-123	W6-50019	Distichlis_stricta	NV	US	unknown	-118.41921	39.28931
W6-50019-124	W6-50019	Distichlis_stricta	NV	US	unknown	-118.41921	39.28931
W6-50019-125	W6-50019	Distichlis_stricta	NV	US	unknown	-118.41921	39.28931
W6-50019-126	W6-50019	Distichlis_stricta	NV	US	unknown	-118.41921	39.28931
W6-50019-127	W6-50019	Distichlis_stricta	NV	US	unknown	-118.41921	39.28931
W6-50019-128	W6-50019	Distichlis_stricta	NV	US	unknown	-118.41921	39.28931
W6-50019-129	W6-50019	Distichlis_stricta	NV	US	unknown	-118.41921	39.28931
W6-50019-130	W6-50019	Distichlis_stricta	NV	US	unknown	-118.41921	39.28931
W6-50019-131	W6-50019	Distichlis_stricta	NV	US	unknown	-118.41921	39.28931
W6-50019-132	W6-50019	Distichlis_stricta	NV	US	unknown	-118.41921	39.28931
W6-50019-133	W6-50019	Distichlis_stricta	NV	US	unknown	-118.41921	39.28931
W6-50019-134	W6-50019	Distichlis_stricta	NV	US	unknown	-118.41921	39.28931
W6-50019-135	W6-50019	Distichlis_stricta	NV	US	unknown	-118.41921	39.28931
W6-50019-136	W6-50019	Distichlis_stricta	NV	US	unknown	-118.41921	39.28931
W6-50019-137	W6-50019	Distichlis_stricta	NV	US	unknown	-118.41921	39.28931
W6-50019-138	W6-50019	Distichlis_stricta	NV	US	unknown	-118.41921	39.28931
W6-50019-139	W6-50019	Distichlis_stricta	NV	US	unknown	-118.41921	39.28931
W6-50019-140	W6-50019	Distichlis_stricta	NV	US	unknown	-118.41921	39.28931
W6-50019-141	W6-50019	Distichlis_stricta	NV	US	unknown	-118.41921	39.28931
W6-50019-142	W6-50019	Distichlis_stricta	NV	US	unknown	-118.41921	39.28931
W6-50019-143	W6-50019	Distichlis_stricta	NV	US	unknown	-118.41921	39.28931
W6-50019-144	W6-50019	Distichlis_stricta	NV	US	unknown	-118.41921	39.28931
W6-50019-145	W6-50019	Distichlis_stricta	NV	US	unknown	-118.41921	39.28931
W6-50019-146	W6-50019	Distichlis_stricta	NV	US	unknown	-118.41921	39.28931
W6-50019-147	W6-50019	Distichlis_stricta	NV	US	unknown	-118.41921	39.28931
W6-50019-148	W6-50019	Distichlis_stricta	NV	US	unknown	-118.41921	39.28931
W6-50019-149	W6-50019	Distichlis_stricta	NV	US	unknown	-118.41921	39.28931
W6-50019-150	W6-50019	Distichlis_stricta	NV	US	unknown	-118.41921	39.28931
W6-50019-151	W6-50019	Distichlis_stricta	NV	US	unknown	-118.41921	39.28931
cheyenne-23-001	cheyenne-23	Distichlis_stricta	KS	US	unknown	-98.6163274	38.4498056
cheyenne-23-002	cheyenne-23	Distichlis_stricta	KS	US	unknown	-98.6163274	38.4498056
cheyenne-23-003	cheyenne-23	Distichlis_stricta	KS	US	unknown	-98.6163274	38.4498056
cheyenne-23-004	cheyenne-23	Distichlis_stricta	KS	US	unknown	-98.6163274	38.4498056
cheyenne-23-005	cheyenne-23	Distichlis_stricta	KS	US	unknown	-98.6163274	38.4498056
cheyenne-23-006	cheyenne-23	Distichlis_stricta	KS	US	unknown	-98.6163274	38.4498056
cheyenne-23-007	cheyenne-23	Distichlis_stricta	KS	US	unknown	-98.6163274	38.4498056
cheyenne-23-008	cheyenne-23	Distichlis_stricta	KS	US	unknown	-98.6163274	38.4498056
cheyenne-23-009	cheyenne-23	Distichlis_stricta	KS	US	unknown	-98.6163274	38.4498056
cheyenne-23-010	cheyenne-23	Distichlis_stricta	KS	US	unknown	-98.6163274	38.4498056
cheyenne-23-011	cheyenne-23	Distichlis_stricta	KS	US	unknown	-98.6163274	38.4498056
cheyenne-23-012	cheyenne-23	Distichlis_stricta	KS	US	unknown	-98.6163274	38.4498056
cheyenne-23-013	cheyenne-23	Distichlis_stricta	KS	US	unknown	-98.6163274	38.4498056
cheyenne-23-014	cheyenne-23	Distichlis_stricta	KS	US	unknown	-98.6163274	38.4498056
cheyenne-23-015	cheyenne-23	Distichlis_stricta	KS	US	unknown	-98.6163274	38.4498056
cheyenne-23-016	cheyenne-23	Distichlis_stricta	KS	US	unknown	-98.6163274	38.4498056
cheyenne-23-017	cheyenne-23	Distichlis_stricta	KS	US	unknown	-98.6163274	38.4498056
cheyenne-23-018	cheyenne-23	Distichlis_stricta	KS	US	unknown	-98.6163274	38.4498056
cheyenne-23-019	cheyenne-23	Distichlis_stricta	KS	US	unknown	-98.6163274	38.4498056
cheyenne-23-020	cheyenne-23	Distichlis_stricta	KS	US	unknown	-98.6163274	38.4498056
cheyenne-23-021	cheyenne-23	Distichlis_stricta	KS	US	unknown	-98.6163274	38.4498056
cheyenne-23-022	cheyenne-23	Distichlis_stricta	KS	US	unknown	-98.6163274	38.4498056
cheyenne-23-023	cheyenne-23	Distichlis_stricta	KS	US	unknown	-98.6163274	38.4498056
cheyenne-23-024	cheyenne-23	Distichlis_stricta	KS	US	unknown	-98.6163274	38.4498056
cheyenne-23-040	cheyenne-23	Distichlis_stricta	KS	US	unknown	-98.6163274	38.4498056
cheyenne-23-041	cheyenne-23	Distichlis_stricta	KS	US	unknown	-98.6163274	38.4498056
cheyenne-23-042	cheyenne-23	Distichlis_stricta	KS	US	unknown	-98.6163274	38.4498056
cheyenne-23-043	cheyenne-23	Distichlis_stricta	KS	US	unknown	-98.6163274	38.4498056
cheyenne-23-044	cheyenne-23	Distichlis_stricta	KS	US	unknown	-98.6163274	38.4498056
cheyenne-23-045	cheyenne-23	Distichlis_stricta	KS	US	unknown	-98.6163274	38.4498056
cheyenne-23-046	cheyenne-23	Distichlis_stricta	KS	US	unknown	-98.6163274	38.4498056
cheyenne-23-060	cheyenne-23	Distichlis_stricta	KS	US	unknown	-98.6163274	38.4498056
cheyenne-23-061	cheyenne-23	Distichlis_stricta	KS	US	unknown	-98.6163274	38.4498056
cheyenne-23-062	cheyenne-23	Distichlis_stricta	KS	US	unknown	-98.6163274	38.4498056
cheyenne-23-063	cheyenne-23	Distichlis_stricta	KS	US	unknown	-98.6163274	38.4498056
cheyenne-23-064	cheyenne-23	Distichlis_stricta	KS	US	unknown	-98.6163274	38.4498056
cheyenne-23-065	cheyenne-23	Distichlis_stricta	KS	US	unknown	-98.6163274	38.4498056
cheyenne-23-066	cheyenne-23	Distichlis_stricta	KS	US	unknown	-98.6163274	38.4498056
bjs-22-001	bjs	unknown	BCS	MX	unknown	-110.424297	24.135599
bjs-22-002	bjs	unknown	BCS	MX	unknown	-110.424297	24.135599
bjs-22-003	bjs	unknown	BCS	MX	unknown	-110.424297	24.135599
bjs-22-004	bjs	unknown	BCS	MX	unknown	-110.424297	24.135599
bjs-22-005	bjs	unknown	BCS	MX	unknown	-110.424297	24.135599
bjs-22-006	bjs	unknown	BCS	MX	unknown	-110.424297	24.135599
